Dataset,Target Name,RA (J2000),Dec (J2000),Ref,Start Time,Stop Time,Exp Time,Instrument,Apertures,Filters/Gratings,Central Wavelength,Proposal ID,Release Date,Preview Name
OCLV01030,V-CS-CHA,165.6038,-77.5599222,3,4/23/15 1:30,4/23/15 1:36,303.0,STIS,52X2,G430L,4300,13775,4/23/16 12:12,OCLV01030
OCLV01040,V-CS-CHA,165.6038,-77.5599222,3,4/23/15 1:41,4/23/15 2:01,1178.0,STIS,52X2,G230L,2376,13775,4/23/16 12:14,OCLV01040
OCLV01050,V-CS-CHA,165.6038,-77.5599222,3,4/23/15 2:38,4/23/15 3:34,3315.0,STIS,52X2,G140L,1425,13775,4/23/16 12:16,OCLV01050
OB6BB6030,V-CS-CHA,165.6049952,-77.5600915,28,6/1/11 22:15,6/1/11 22:44,1785.2,STIS,0.2X0.2,E230M,2561,11616,6/2/12 2:04,OB6BB6030
OB6BB6R0Q,V-CS-CHA,165.6049952,-77.5600915,28,6/1/11 21:24,6/1/11 21:34,576.0,STIS,52X0.2,G230L,2376,11616,6/2/12 1:56,
OB6BB6010,V-CS-CHA,165.6049952,-77.5600915,28,6/1/11 21:20,6/1/11 21:21,40.0,STIS,52X0.2,G430L,4300,11616,6/2/12 1:55,
OC0M01010,AB-AUR,73.9410306,30.5511011,1,2/26/13 13:03,2/26/13 13:37,2040.0,STIS,52X0.2,G140M,1218,13032,2/26/14 16:52,OC0M01010
O59D01010,CD-34D7151,165.4660807,-34.7047537,24,5/7/00 21:14,5/7/00 21:19,260.0,STIS,52X0.2,G430L,4300,8041,12/10/06 21:35,O59D01010
O59D01020,CD-34D7151,165.4660807,-34.7047537,24,5/7/00 21:25,5/7/00 21:53,1675.199,STIS,0.2X0.2,E230M,2561,8041,12/10/06 23:40,O59D01020
O59D01030,CD-34D7151,165.4660807,-34.7047537,24,5/7/00 22:37,5/7/00 23:16,2300.198,STIS,0.5X0.5,E140M,1425,8041,12/11/06 1:48,
O6CV03010,CD-34D7151,165.4659407,-34.704733,5,7/19/02 14:02,7/19/02 14:04,120.0,STIS,52X0.2,G430L,4300,9093,11/29/06 19:36,O6CV03010
O6CV03020,CD-34D7151,165.4659407,-34.704733,5,7/19/02 14:10,7/19/02 14:34,1420.192,STIS,0.2X0.09,E140H,1343,9093,11/30/06 0:00,O6CV03020
O6CV03030,CD-34D7151,165.4659407,-34.704733,5,7/19/02 15:20,7/19/02 16:09,2935.199,STIS,0.2X0.09,E140H,1343,9093,11/30/06 3:01,O6CV03030
O6CV03LKQ,CD-34D7151,165.4659407,-34.704733,5,7/19/02 13:56,7/19/02 13:56,3.0,STIS,0.2X0.09,G430L,4300,9093,7/19/03 13:56,
O6CV03LLQ,CD-34D7151,165.4659407,-34.704733,5,7/19/02 13:59,7/19/02 13:59,3.0,STIS,0.2X0.09,G430L,4300,9093,12/8/06 6:04,
O5EX03010,CO-ORI,81.9091667,11.4275278,10,2/25/00 15:30,2/25/00 16:08,2259.0,STIS,52X2,G140L,1425,8317,12/16/06 22:19,O5EX03010
O5EX03020,CO-ORI,81.9091667,11.4275278,10,2/25/00 16:55,2/25/00 17:27,1953.0,STIS,52X2,G140L,1425,8317,12/17/06 0:23,O5EX03020
O5EX03030,CO-ORI,81.9091667,11.4275278,10,2/25/00 17:37,2/25/00 17:43,360.0,STIS,52X2,G230L,2376,8317,12/17/06 2:34,O5EX03030
O5CF03010,CY-TAU,64.3909583,28.3464722,9,12/6/00 16:06,12/6/00 16:27,1260.0,STIS,0.2X0.2,E230M,1978,8206,6/6/01 20:08,O5CF03010
O5CF03020,CY-TAU,64.3909583,28.3464722,9,12/6/00 16:33,12/6/00 16:45,738.0,STIS,0.2X0.2,E230M,2707,8206,6/6/01 20:11,O5CF03020
O5CF03030,CY-TAU,64.3909583,28.3464722,9,12/6/00 17:33,12/6/00 17:38,282.0,STIS,0.2X0.2,E230M,2707,8206,6/6/01 20:13,O5CF03030
O5CF03040,CY-TAU,64.3909583,28.3464722,9,12/6/00 17:44,12/6/00 18:22,2255.0,STIS,0.2X0.2,E140M,1425,8206,6/6/01 19:57,O5CF03040
O5CF03050,CY-TAU,64.3909583,28.3464722,9,12/6/00 19:09,12/6/00 19:58,2923.0,STIS,0.2X0.2,E140M,1425,8206,6/7/01 17:38,O5CF03050
O5E307010,DG-TAU,66.769625,26.1046667,20,10/22/00 9:46,10/22/00 10:20,1999.949,STIS,0.2X0.06,E140M,1425,8157,10/22/01 10:20,O5E307010
O5E307020,DG-TAU,66.769625,26.1046667,20,10/22/00 11:05,10/22/00 11:54,2920.073,STIS,0.2X0.06,E140M,1425,8157,10/22/01 11:54,O5E307020
O5E307030,DG-TAU,66.769625,26.1046667,20,10/22/00 12:42,10/22/00 12:47,240.0,STIS,52X0.1,G430L,4300,8157,10/22/01 12:47,O5E307030
O5E307040,DG-TAU,66.769625,26.1046667,20,10/22/00 12:53,10/22/00 13:25,1939.823,STIS,0.2X0.06,E140M,1425,8157,10/22/01 13:25,O5E307040
O5E307050,DG-TAU,66.769625,26.1046667,20,10/22/00 14:18,10/22/00 15:07,2920.035,STIS,0.2X0.06,E140M,1425,8157,10/22/01 15:07,O5E307050
O5E307060,DG-TAU,66.769625,26.1046667,20,10/22/00 15:55,10/22/00 16:37,2515.155,STIS,0.2X0.06,E140M,1425,8157,10/22/01 16:37,O5E307060
O63L03010,DG-TAU,66.769625,26.1046667,10,2/20/01 4:37,2/20/01 5:17,2345.0,STIS,0.2X0.2,E230M,2707,8627,12/27/06 1:34,O63L03010
O63L03020,DG-TAU,66.769625,26.1046667,10,2/20/01 6:04,2/20/01 6:52,2923.0,STIS,0.2X0.2,E230M,2707,8627,12/24/06 15:11,O63L03020
O63L03030,DG-TAU,66.769625,26.1046667,10,2/20/01 7:40,2/20/01 8:29,2923.0,STIS,0.2X0.2,E230M,2707,8627,12/27/06 15:46,O63L03030
O63L03040,DG-TAU,66.769625,26.1046667,10,2/20/01 9:16,2/20/01 10:05,2923.0,STIS,0.2X0.2,E230M,2707,8627,12/27/06 19:34,O63L03040
OBIC01010,DG-TAU,66.7695833,26.1045278,3,2/17/11 2:45,2/17/11 2:47,60.0,STIS,52X0.2,G430L,4300,12199,2/17/12 8:43,OBIC01010
OBIC01020,DG-TAU,66.7695833,26.1045278,3,2/17/11 2:55,2/17/11 3:27,1942.974,STIS,52X0.2,G140M,1540,12199,2/17/12 10:33,OBIC01020
OBIC01030,DG-TAU,66.7695833,26.1045278,3,2/17/11 4:11,2/17/11 5:01,3005.134,STIS,52X0.2,G140M,1540,12199,2/17/12 10:34,OBIC01030
OBIC01040,DG-TAU,66.7695833,26.1045278,3,2/17/11 5:47,2/17/11 6:37,3005.18,STIS,52X0.2,G140M,1540,12199,2/17/12 10:38,OBIC01040
OBIC01050,DG-TAU,66.7695833,26.1045278,3,2/17/11 7:23,2/17/11 8:13,3005.19,STIS,52X0.2,G140M,1540,12199,2/17/12 10:43,OBIC01050
OBIC01060,DG-TAU,66.7695833,26.1045278,3,2/17/11 8:59,2/17/11 9:49,3005.196,STIS,52X0.2,G140M,1540,12199,2/17/12 17:53,OBIC01060
OBIC02010,DG-TAU,66.7695833,26.1045278,3,2/14/11 10:51,2/14/11 11:31,2322.0,STIS,52X0.2,G750M,6581,12199,2/14/12 15:55,OBIC02010
OB3R01010,DM-TAU,68.4530417,18.1694444,6,9/8/11 2:31,9/8/11 2:38,400.0,STIS,52X2,G430L,4300,11608,9/8/12 9:17,OB3R01010
OB3R01020,DM-TAU,68.4530417,18.1694444,6,9/8/11 2:44,9/8/11 2:45,25.0,STIS,52X2,G750L,7751,11608,9/8/12 9:17,OB3R01020
OB3R01040,DM-TAU,68.4530417,18.1694444,6,9/8/11 2:58,9/8/11 3:12,821.0,STIS,52X2,G230L,2376,11608,9/8/12 9:18,OB3R01040
OB3R01050,DM-TAU,68.4530417,18.1694444,6,9/8/11 3:58,9/8/11 4:48,2994.0,STIS,52X2,G140L,1425,11608,9/8/12 9:21,OB3R01050
OB3R02010,DM-TAU,68.4530417,18.1694444,6,9/15/11 21:27,9/15/11 21:35,400.0,STIS,52X2,G430L,4300,11608,9/16/12 4:03,OB3R02010
OB3R02020,DM-TAU,68.4530417,18.1694444,6,9/15/11 21:40,9/15/11 21:41,25.0,STIS,52X2,G750L,7751,11608,9/16/12 4:03,OB3R02020
OB3R02040,DM-TAU,68.4530417,18.1694444,6,9/15/11 21:55,9/15/11 22:08,821.0,STIS,52X2,G230L,2376,11608,9/16/12 4:05,OB3R02040
OB3R02050,DM-TAU,68.4530417,18.1694444,6,9/15/11 22:54,9/15/11 23:44,2994.0,STIS,52X2,G140L,1425,11608,9/16/12 4:06,OB3R02050
OB3R03010,DM-TAU,68.4530417,18.1694444,6,1/4/12 11:35,1/4/12 11:42,400.0,STIS,52X2,G430L,4300,11608,1/4/13 19:57,OB3R03010
OB3R03020,DM-TAU,68.4530417,18.1694444,6,1/4/12 11:48,1/4/12 11:49,25.0,STIS,52X2,G750L,7751,11608,1/4/13 19:57,OB3R03020
OB3R03040,DM-TAU,68.4530417,18.1694444,6,1/4/12 12:02,1/4/12 12:16,821.0,STIS,52X2,G230L,2376,11608,1/4/13 19:59,OB3R03040
OB3R03050,DM-TAU,68.4530417,18.1694444,6,1/4/12 12:58,1/4/12 13:48,2994.0,STIS,52X2,G140L,1425,11608,1/4/13 20:02,OB3R03050
#O5CF02010,DR-TAU,71.7759167,16.9787222,9,8/29/00 14:36,8/29/00 14:54,1080.0,STIS,0.2X0.2,E230M,1978,8206,8/31/00 13:59,O5CF02010
#O5CF02020,DR-TAU,71.7759167,16.9787222,9,8/29/00 15:00,8/29/00 15:15,916.0,STIS,0.2X0.2,E230M,2707,8206,8/31/00 13:59,O5CF02020
#O5CF02030,DR-TAU,71.7759167,16.9787222,9,8/29/00 16:02,8/29/00 16:50,2897.0,STIS,0.2X0.2,E140M,1425,8206,8/31/00 14:00,O5CF02030
#O5CF02040,DR-TAU,71.7759167,16.9787222,9,8/29/00 17:39,8/29/00 18:27,2897.0,STIS,0.2X0.2,E140M,1425,8206,8/31/00 14:00,O5CF02040
#O63L04010,DR-TAU,71.7759167,16.9787222,10,2/9/01 6:48,2/9/01 7:27,2327.0,STIS,0.2X0.2,E230M,2707,8627,12/28/06 0:35,O63L04010
#O63L04020,DR-TAU,71.7759167,16.9787222,10,2/9/01 8:11,2/9/01 8:59,2880.0,STIS,0.2X0.2,E230M,2707,8627,12/27/06 21:19,O63L04020
O5CF01010,DS-TAU,71.951875,29.4201111,9,8/24/00 18:48,8/24/00 19:07,1140.0,STIS,0.2X0.2,E230M,1978,8206,8/25/00 20:42,O5CF01010
O5CF01020,DS-TAU,71.951875,29.4201111,9,8/24/00 19:13,8/24/00 19:27,878.0,STIS,0.2X0.2,E230M,2707,8206,8/25/00 20:59,O5CF01020
O5CF01030,DS-TAU,71.951875,29.4201111,9,8/24/00 20:11,8/24/00 21:00,2923.0,STIS,0.2X0.2,E140M,1425,8206,8/25/00 21:14,O5CF01030
O5CF01040,DS-TAU,71.951875,29.4201111,9,8/24/00 21:48,8/24/00 22:37,2923.0,STIS,0.2X0.2,E140M,1425,8206,8/25/00 20:21,O5CF01040
O63L08010,DS-TAU,71.951875,29.4201111,10,2/23/01 1:43,2/23/01 2:22,2345.0,STIS,0.2X0.2,E230M,2707,8627,12/28/06 17:04,O63L08010
O63L08020,DS-TAU,71.951875,29.4201111,10,2/23/01 3:09,2/23/01 3:58,2923.0,STIS,0.2X0.2,E230M,2707,8627,12/28/06 17:58,O63L08020
OB6BA3010,EM-LKCA-15,69.824141,22.3508711,25,2/5/10 2:57,2/5/10 2:58,15.0,STIS,52X0.2,G430L,4300,11616,2/5/11 4:49,
OB6BA3030,EM-LKCA-15,69.824141,22.3508711,25,2/5/10 3:14,2/5/10 3:39,666.453,STIS,0.2X0.2,E230M,2561,11616,2/5/11 9:04,OB6BA3030
OB6BA3Z8Q,EM-LKCA-15,69.824141,22.3508711,25,2/5/10 3:01,2/5/10 3:09,500.0,STIS,52X0.2,G230L,2376,11616,2/5/11 4:49,
OB6BB8010,EM-LKCA-19,73.9040214,30.2986031,25,3/31/11 3:13,3/31/11 3:15,35.0,STIS,52X0.2,G430L,4300,11616,3/31/12 5:29,
OB6BB8030,EM-LKCA-19,73.9040214,30.2986031,25,3/31/11 4:11,3/31/11 4:36,1485.199,STIS,0.2X0.2,E230M,2561,11616,3/31/12 5:41,OB6BB8030
OB6BB8ZRQ,EM-LKCA-19,73.9040214,30.2986031,25,3/31/11 3:18,3/31/11 3:26,522.0,STIS,52X0.2,G230L,2376,11616,3/31/12 5:29,
OB6BC7010,EM-LKCA-4,64.1171589,28.1265103,25,3/30/11 9:01,3/30/11 9:02,30.0,STIS,52X0.2,G430L,4300,11616,3/30/12 11:48,
OB6BC7030,EM-LKCA-4,64.1171589,28.1265103,25,3/30/11 9:19,3/30/11 9:44,1485.2,STIS,0.2X0.2,E230M,2561,11616,3/30/12 12:05,OB6BC7030
OB6BC7XRQ,EM-LKCA-4,64.1171589,28.1265103,25,3/30/11 9:06,3/30/11 9:14,520.0,STIS,52X0.2,G230L,2376,11616,3/30/12 11:45,
O5EX08010,EZ-ORI,83.577,-5.0798889,10,2/25/00 9:06,2/25/00 9:10,240.0,STIS,52X2,G230L,2376,8317,12/18/06 10:04,O5EX08010
O5EX08020,EZ-ORI,83.577,-5.0798889,10,2/25/00 9:17,2/25/00 9:42,1515.0,STIS,52X2,G140L,1425,8317,12/18/06 14:42,O5EX08020
O63L07010,FU-ORI,86.3431667,9.0698333,10,2/22/01 22:27,2/22/01 23:06,2337.0,STIS,0.2X0.2,E230M,2707,8627,12/28/06 14:08,O63L07010
O63L07020,FU-ORI,86.3431667,9.0698333,10,2/22/01 23:57,2/23/01 0:45,2880.0,STIS,0.2X0.2,E230M,2707,8627,12/28/06 15:07,O63L07020
OB3R04010,GM-AUR,73.79575,30.3665,6,9/11/11 18:25,9/11/11 18:26,35.0,STIS,52X2,G430L,4300,11608,9/12/12 0:08,OB3R04010
OB3R04020,GM-AUR,73.79575,30.3665,6,9/11/11 18:31,9/11/11 18:32,8.0,STIS,52X2,G750L,7751,11608,9/12/12 0:08,OB3R04020
OB3R04040,GM-AUR,73.79575,30.3665,6,9/11/11 18:46,9/11/11 19:06,1231.0,STIS,52X2,G230L,2376,11608,9/12/12 0:10,OB3R04040
OB3R04050,GM-AUR,73.79575,30.3665,6,9/11/11 19:48,9/11/11 20:39,3020.0,STIS,52X2,G140L,1425,11608,9/12/12 0:12,OB3R04050
OB3R05010,GM-AUR,73.79575,30.3665,6,9/17/11 21:27,9/17/11 21:28,35.0,STIS,52X2,G430L,4300,11608,9/18/12 2:14,OB3R05010
OB3R05020,GM-AUR,73.79575,30.3665,6,9/17/11 21:33,9/17/11 21:34,8.0,STIS,52X2,G750L,7751,11608,9/18/12 2:15,OB3R05020
OB3R05040,GM-AUR,73.79575,30.3665,6,9/17/11 21:48,9/17/11 22:08,1231.0,STIS,52X2,G230L,2376,11608,9/18/12 11:18,OB3R05040
OB3R05050,GM-AUR,73.79575,30.3665,6,9/17/11 22:52,9/17/11 23:43,3020.0,STIS,52X2,G140L,1425,11608,9/19/12 13:38,OB3R05050
OB3R06010,GM-AUR,73.79575,30.3665,6,1/5/12 6:47,1/5/12 6:48,35.0,STIS,52X2,G430L,4300,11608,1/5/13 9:38,OB3R06010
OB3R06020,GM-AUR,73.79575,30.3665,6,1/5/12 6:54,1/5/12 6:55,8.0,STIS,52X2,G750L,7751,11608,1/5/13 9:39,OB3R06020
OB3R06040,GM-AUR,73.79575,30.3665,6,1/5/12 7:08,1/5/12 7:28,1231.0,STIS,52X2,G230L,2376,11608,1/5/13 9:40,OB3R06040
OB3R06050,GM-AUR,73.79575,30.3665,6,1/5/12 8:11,1/5/12 9:01,3020.0,STIS,52X2,G140L,1425,11608,1/5/13 12:08,OB3R06050
O5EX04010,GW-ORI,82.2849167,11.8701944,10,2/22/00 18:16,2/22/00 18:54,2283.0,STIS,52X2,G140L,1425,8317,12/19/06 13:37,O5EX04010
O5EX04020,GW-ORI,82.2849167,11.8701944,10,2/22/00 19:41,2/22/00 20:15,2025.0,STIS,52X2,G140L,1425,8317,12/17/06 8:14,O5EX04020
O5EX04030,GW-ORI,82.2849167,11.8701944,10,2/22/00 20:25,2/22/00 20:30,288.0,STIS,52X2,G230L,2376,8317,12/17/06 10:10,O5EX04030
O5EX06010,GX-ORI,82.5084583,12.2265833,10,2/20/00 17:57,2/20/00 18:35,2310.0,STIS,52X2,G230L,2376,8317,12/16/06 10:15,O5EX06010
OB6BC6010,HBC-427,74.0084279,30.3509012,25,3/30/11 4:11,3/30/11 4:12,60.0,STIS,52X0.2,G430L,4300,11616,3/30/12 9:32,
OB6BC6030,HBC-427,74.0084279,30.3509012,25,3/30/11 4:29,3/30/11 4:54,1475.199,STIS,0.2X0.2,E230M,2561,11616,3/30/12 11:50,OB6BC6030
OB6BC6WGQ,HBC-427,74.0084279,30.3509012,25,3/30/11 4:16,3/30/11 4:24,516.0,STIS,52X0.2,G230L,2376,11616,3/30/12 11:32,
OB6B25010,HD-104237,180.0186145,-78.192935,25,12/5/09 2:59,12/5/09 3:00,0.2,STIS,52X0.2,G430L,4300,11616,12/5/10 4:49,
OB6B25020,HD-104237,180.0186145,-78.192935,25,12/5/09 3:03,12/5/09 3:21,1050.0,STIS,0.2X0.2,E230M,2124,11616,12/5/10 6:11,OB6B25020
OB6B25030,HD-104237,180.0186145,-78.192935,25,12/5/09 3:27,12/5/09 3:35,428.0,STIS,0.2X0.09,E230H,2663,11616,12/5/10 6:11,OB6B25030
OB6B25040,HD-104237,180.0186145,-78.192935,25,12/5/09 3:41,12/5/09 3:48,428.0,STIS,0.2X0.09,E230H,2912,11616,12/5/10 6:11,OB6B25040
OB6B25050,HD-104237,180.0186145,-78.192935,25,12/5/09 4:17,12/5/09 5:12,3279.199,STIS,0.2X0.2,E140M,1425,11616,12/5/10 8:34,OB6B25050
OC0M06010,HD-142527,239.174487,-42.3232208,1,3/23/13 2:32,3/23/13 3:11,2350.0,STIS,52X0.2,G140M,1218,13032,3/23/14 8:15,OC0M06010
OC0M06020,HD-142527,239.174487,-42.3232208,1,3/23/13 3:52,3/23/13 4:43,3080.0,STIS,52X0.2,G140M,1218,13032,3/25/14 12:56,OC0M06020
OBI801010,HD-163296,269.0886703,-21.9562074,2,7/21/11 2:26,7/21/11 3:06,2275.0,STIS,52X0.2F1,G750M,6581,12186,7/21/12 17:47,
OBI801020,HD-163296,269.088684,-21.956207,2,7/21/11 3:48,7/21/11 4:38,2997.166,STIS,52X0.2F1,G140M,1218,12186,7/2/14 13:17,
OD6101010,HD-163296,269.0886573,-21.9562658,0,7/10/17 22:34,7/10/17 23:08,2021.188,STIS,52X0.05,G140M,1218,14690,7/11/18 0:45,OD6101010
OD6101FTQ,HD-163296,269.0886573,-21.9562658,0,7/10/17 21:47,7/10/17 21:47,1.0,STIS,52X0.05,G430L,4300,14690,7/11/18 0:44,
OD6102010,HD-163296,269.0886581,-21.9562653,0,6/23/17 12:49,6/23/17 13:19,1792.196,STIS,52X0.05,G140M,1218,14690,6/24/18 21:56,OD6102010
OD6102LCQ,HD-163296,269.0886581,-21.9562653,0,6/23/17 12:45,6/23/17 12:45,1.0,STIS,52X0.05,G430L,4300,14690,6/24/18 21:55,
OD6103010,HD-163296,269.0886583,-21.9562652,0,6/19/17 11:52,6/19/17 12:22,1792.199,STIS,52X0.05,G140M,1218,14690,6/20/18 13:16,OD6103010
OD6103D8Q,HD-163296,269.0886583,-21.9562652,0,6/19/17 11:48,6/19/17 11:48,1.0,STIS,52X0.05,G430L,4300,14690,6/19/18 19:21,
OC0M03010,HD-169142,276.1240629,-29.7806295,1,7/18/13 16:13,7/18/13 16:47,2040.0,STIS,52X0.2,G140M,1218,13032,7/18/14 22:43,OC0M03010
OC0M03020,HD-169142,276.1240629,-29.7806295,1,7/18/13 17:34,7/18/13 18:20,2750.0,STIS,52X0.2,G140M,1218,13032,7/18/14 22:43,OC0M03020
OC2H05010,HD139614,235.1931642,-42.4983038,1,6/24/13 1:49,6/24/13 1:52,150.0,STIS,0.2X0.2,G230LB,2375,12996,6/24/14 4:15,OC2H05010
OC2H05020,HD139614,235.1931642,-42.4983038,1,6/24/13 1:58,6/24/13 2:25,1669.187,STIS,0.2X0.2,E140M,1425,12996,6/24/14 6:37,OC2H05020
OC2H05030,HD139614,235.1931642,-42.4983038,1,6/24/13 3:08,6/24/13 3:54,2758.19,STIS,0.2X0.2,E140M,1425,12996,6/24/14 6:37,OC2H05030
OC2H04010,HD141569,237.4905464,-3.921278,1,7/19/13 11:09,7/19/13 11:12,40.0,STIS,0.2X0.2,G230LB,2375,12996,7/19/14 12:22,OC2H04010
OC2H04020,HD141569,237.4905464,-3.921278,1,7/19/13 11:19,7/19/13 11:45,1375.0,STIS,0.2X0.2,E140M,1425,12996,7/19/14 18:17,OC2H04020
OC2H04030,HD141569,237.4905464,-3.921278,1,7/19/13 12:30,7/19/13 13:16,2340.0,STIS,0.2X0.2,E140M,1425,12996,7/19/14 18:01,OC2H04030
O5E305010,HD142560,239.1760833,-37.8210278,20,7/12/00 12:49,7/12/00 13:22,1950.176,STIS,0.2X0.06,E140M,1425,8157,7/12/01 13:22,O5E305010
O5E305020,HD142560,239.1760833,-37.8210278,20,7/12/00 14:08,7/12/00 14:57,2970.093,STIS,0.2X0.06,E140M,1425,8157,7/12/01 14:57,O5E305020
O5E305030,HD142560,239.1760833,-37.8210278,20,7/12/00 15:44,7/12/00 15:47,120.0,STIS,52X0.1,G430L,4300,8157,7/12/01 15:47,O5E305030
O5E305040,HD142560,239.1760833,-37.8210278,20,7/12/00 15:53,7/12/00 16:27,2070.188,STIS,0.2X0.06,E140M,1425,8157,7/12/01 16:27,O5E305040
O5E305050,HD142560,239.1760833,-37.8210278,20,7/12/00 17:21,7/12/00 18:10,2970.158,STIS,0.2X0.06,E140M,1425,8157,7/12/01 18:10,O5E305050
O5E305060,HD142560,239.1760833,-37.8210278,20,7/12/00 18:57,7/12/00 19:40,2570.157,STIS,0.2X0.06,E140M,1425,8157,7/12/01 19:40,O5E305060
OC2H03010,HD142666,239.1667154,-22.0278678,1,7/16/13 16:13,7/16/13 16:17,200.0,STIS,0.2X0.2,G230LB,2375,12996,7/17/14 12:29,OC2H03010
OC2H03020,HD142666,239.1667154,-22.0278678,1,7/16/13 16:23,7/16/13 16:50,1624.153,STIS,0.2X0.2,E140M,1425,12996,7/17/14 12:53,OC2H03020
OC2H03030,HD142666,239.1667154,-22.0278678,1,7/16/13 17:34,7/16/13 18:20,2763.162,STIS,0.2X0.2,E140M,1425,12996,7/17/14 12:52,OC2H03030
OC2H02010,HD169142,276.1240779,-29.7805316,1,7/11/13 15:08,7/11/13 15:10,50.0,STIS,0.2X0.2,G230LB,2375,12996,7/12/14 0:01,OC2H02010
OC2H02020,HD169142,276.1240779,-29.7805316,1,7/11/13 15:16,7/11/13 15:45,1732.176,STIS,0.2X0.2,E140M,1425,12996,7/12/14 13:14,OC2H02020
OC2H02030,HD169142,276.1240779,-29.7805316,1,7/11/13 16:33,7/11/13 17:19,2761.182,STIS,0.2X0.2,E140M,1425,12996,7/12/14 13:14,OC2H02030
O6CV02010,HD282624,73.9974355,30.5670738,5,10/19/02 10:21,10/19/02 10:23,40.0,STIS,52X0.2,G430L,4300,9093,11/24/06 10:53,O6CV02010
O6CV02020,HD282624,73.9974355,30.5670738,5,10/19/02 10:29,10/19/02 10:55,1545.193,STIS,0.2X0.09,E140H,1343,9093,11/24/06 12:58,O6CV02020
O6CV02030,HD282624,73.9974355,30.5670738,5,10/19/02 11:42,10/19/02 12:31,2935.107,STIS,0.2X0.09,E140H,1343,9093,11/24/06 14:58,O6CV02030
O6CV02040,HD282624,73.9974355,30.5670738,5,10/19/02 13:18,10/19/02 14:07,2935.093,STIS,0.2X0.09,E140H,1343,9093,11/24/06 20:14,O6CV02040
O6CV02050,HD282624,73.9974355,30.5670738,5,10/19/02 14:54,10/19/02 15:43,2935.151,STIS,0.2X0.09,E140H,1343,9093,11/24/06 23:03,O6CV02050
O6CV02060,HD282624,73.9974355,30.5670738,5,10/19/02 16:31,10/19/02 17:19,2935.191,STIS,0.2X0.09,E140H,1343,9093,11/25/06 1:09,O6CV02060
O6CV02REQ,HD282624,73.9974355,30.5670738,5,10/19/02 10:16,10/19/02 10:16,0.5,STIS,0.2X0.09,G430L,4300,9093,11/25/06 5:39,
O6CV02RFQ,HD282624,73.9974355,30.5670738,5,10/19/02 10:19,10/19/02 10:19,0.5,STIS,0.2X0.09,G430L,4300,9093,10/19/03 10:19,
O5E306010,HD283654,66.7616667,25.7064222,20,1/28/00 0:05,1/28/00 0:39,1999.681,STIS,0.2X0.06,E140M,1425,8157,1/28/01 0:39,O5E306010
O5E306020,HD283654,66.7616667,25.7064222,20,1/28/00 1:26,1/28/00 2:14,2920.145,STIS,0.2X0.06,E140M,1425,8157,1/28/01 2:14,O5E306020
O5E306030,HD283654,66.7616667,25.7064222,20,1/28/00 3:02,1/28/00 3:09,360.0,STIS,52X0.1,G430L,4300,8157,1/28/01 3:09,O5E306030
O5E306040,HD283654,66.7616667,25.7064222,20,1/28/00 3:15,1/28/00 3:45,1820.16,STIS,0.2X0.06,E140M,1425,8157,1/28/01 3:45,O5E306040
O5E306050,HD283654,66.7616667,25.7064222,20,1/28/00 4:39,1/28/00 5:23,2650.136,STIS,0.2X0.06,E140M,1425,8157,1/28/01 5:23,O5E306050
O5KC01010,HD283654,66.761625,25.7062778,9,9/18/99 20:14,9/18/99 20:18,144.0,STIS,52X0.2,G430L,4300,7718,9/18/00 20:18,O5KC01010
O5KC01020,HD283654,66.761625,25.7062778,9,9/18/99 20:24,9/18/99 20:52,1670.199,STIS,0.2X0.2,E230M,2561,7718,9/18/00 20:52,O5KC01020
O5KC01030,HD283654,66.761625,25.7062778,9,9/18/99 21:43,9/18/99 22:22,2320.161,STIS,0.5X0.5,E140M,1425,7718,9/18/00 22:22,
O6CV01010,HD283654,66.7616613,25.7061831,5,8/26/02 11:46,8/26/02 11:49,120.0,STIS,52X0.2,G430L,4300,9093,11/25/06 8:53,O6CV01010
O6CV01020,HD283654,66.7616613,25.7061831,5,8/26/02 11:55,8/26/02 12:18,1350.024,STIS,0.2X0.09,E140H,1343,9093,11/23/06 16:57,O6CV01020
O6CV01030,HD283654,66.7616613,25.7061831,5,8/26/02 13:05,8/26/02 13:54,2920.102,STIS,0.2X0.09,E140H,1343,9093,11/23/06 20:51,O6CV01030
O6CV01040,HD283654,66.7616613,25.7061831,5,8/26/02 14:41,8/26/02 15:30,2920.148,STIS,0.2X0.09,E140H,1343,9093,11/23/06 22:36,O6CV01040
O6CV01050,HD283654,66.7616613,25.7061831,5,8/26/02 16:18,8/26/02 17:06,2920.191,STIS,0.2X0.09,E140H,1343,9093,11/24/06 0:52,O6CV01050
O6CV01060,HD283654,66.7616613,25.7061831,5,8/26/02 17:54,8/26/02 18:42,2920.183,STIS,0.2X0.09,E140H,1343,9093,11/24/06 2:57,O6CV01060
O6CV01D5Q,HD283654,66.7616613,25.7061831,5,8/26/02 11:41,8/26/02 11:41,2.0,STIS,0.2X0.09,G430L,4300,9093,11/24/06 6:45,
O6CV01D6Q,HD283654,66.7616613,25.7061831,5,8/26/02 11:44,8/26/02 11:44,2.0,STIS,0.2X0.09,G430L,4300,9093,11/24/06 8:36,
O5E301010,HD284419,65.4975,19.5354167,20,12/1/00 14:08,12/1/00 14:38,1800.17,STIS,52X0.2,G140L,1425,8157,11/24/06 16:45,O5E301010
O5E301020,HD284419,65.4975,19.5354167,20,12/1/00 15:28,12/1/00 16:10,2500.181,STIS,52X0.2,G140L,1425,8157,11/30/06 8:02,O5E301020
O5E301030,HD284419,65.4975,19.5354167,20,12/1/00 17:04,12/1/00 17:46,2500.196,STIS,52X0.2,G140L,1425,8157,12/9/06 14:54,O5E301030
O5E302010,HD284419,65.4975,19.5354167,20,11/26/00 18:26,11/26/00 18:56,1800.192,STIS,52X0.2,G140L,1425,8157,12/16/06 18:09,O5E302010
O5E302020,HD284419,65.4975,19.5354167,20,11/26/00 19:46,11/26/00 20:28,2500.199,STIS,52X0.2,G140L,1425,8157,12/17/06 16:06,O5E302020
O5E302030,HD284419,65.4975,19.5354167,20,11/26/00 21:23,11/26/00 22:04,2500.186,STIS,52X0.2,G140L,1425,8157,12/18/06 20:10,O5E302030
O5E303010,HD284419,65.4975,19.5354167,20,1/5/01 21:01,1/5/01 21:34,1960.191,STIS,52X0.2,G140L,1425,8157,12/23/06 1:10,O5E303010
O5E303020,HD284419,65.4975,19.5354167,20,1/5/01 22:22,1/5/01 23:05,2620.196,STIS,52X0.2,G140L,1425,8157,12/24/06 0:55,O5E303020
O5E303030,HD284419,65.4975,19.5354167,20,1/5/01 23:58,1/6/01 0:42,2620.193,STIS,52X0.2,G140L,1425,8157,12/27/06 17:28,O5E303030
O5E304010,HD284419,65.4975,19.5354167,20,9/8/00 7:51,9/8/00 8:22,1870.058,STIS,0.2X0.06,E140M,1425,8157,9/8/01 8:22,O5E304010
O5E304020,HD284419,65.4975,19.5354167,20,9/8/00 9:11,9/8/00 9:54,2630.173,STIS,0.2X0.06,E140M,1425,8157,9/8/01 9:54,O5E304020
O5E304030,HD284419,65.4975,19.5354167,20,9/8/00 10:47,9/8/00 10:50,120.0,STIS,52X0.1,G430L,4300,8157,1/4/07 7:45,O5E304030
O5E304040,HD284419,65.4975,19.5354167,20,9/8/00 10:56,9/8/00 11:34,2320.191,STIS,0.2X0.06,E140M,1425,8157,1/4/07 4:28,O5E304040
O5E304050,HD284419,65.4975,19.5354167,20,9/8/00 12:23,9/8/00 13:07,2630.185,STIS,0.2X0.06,E140M,1425,8157,1/22/07 23:10,O5E304050
O5E304060,HD284419,65.4975,19.5354167,20,9/8/00 14:00,9/8/00 14:44,2630.164,STIS,0.2X0.06,E140M,1425,8157,1/14/07 14:30,O5E304060
OB6BB5010,NAME-RW-AUR-A,76.9562843,30.4013427,25,3/25/11 5:56,3/25/11 5:57,15.0,STIS,52X0.2,G430L,4300,11616,3/25/12 14:36,
OB6BB5030,NAME-RW-AUR-A,76.9562843,30.4013427,25,3/25/11 6:15,3/25/11 6:38,1395.199,STIS,0.2X0.2,E230M,2561,11616,3/25/12 14:47,OB6BB5030
OB6BB5XRQ,NAME-RW-AUR-A,76.9562843,30.4013427,25,3/25/11 6:00,3/25/11 6:09,545.0,STIS,52X0.2,G230L,2376,11616,3/25/12 14:36,
OB6B34010,NAME-UX-TAU-A,67.5163841,18.2302386,25,12/12/10 16:17,12/12/10 16:19,40.0,STIS,52X0.2,G430L,4300,11616,12/12/11 21:30,
OB6B34030,NAME-UX-TAU-A,67.5163841,18.2302386,25,12/12/10 16:35,12/12/10 16:58,1408.199,STIS,0.2X0.2,E230M,2561,11616,12/12/11 21:42,OB6B34030
OB6B34R7Q,NAME-UX-TAU-A,67.5163841,18.2302386,25,12/12/10 16:22,12/12/10 16:30,460.0,STIS,52X0.2,G230L,2376,11616,12/12/11 21:31,
OB6B54010,NAME-UX-TAU-A,67.5163874,18.2302318,25,11/10/11 12:35,11/10/11 12:36,40.0,STIS,52X0.2,G430L,4300,11616,11/11/12 1:43,
OB6B54030,NAME-UX-TAU-A,67.5163874,18.2302318,25,11/10/11 12:52,11/10/11 13:16,1408.2,STIS,0.2X0.2,E230M,2561,11616,11/11/12 14:55,OB6B54030
OB6B54SPQ,NAME-UX-TAU-A,67.5163874,18.2302318,25,11/10/11 12:39,11/10/11 12:47,460.0,STIS,52X0.2,G230L,2376,11616,11/11/12 1:42,
O5EX09010,P2441,84.21325,-4.4277778,10,9/20/00 6:00,9/20/00 6:27,1608.0,STIS,52X2,G140L,1425,8317,12/19/06 17:00,O5EX09010
O5EX09020,P2441,84.21325,-4.4277778,10,9/20/00 6:34,9/20/00 6:38,240.0,STIS,52X2,G230L,2376,8317,12/19/06 19:36,O5EX09020
OB6B23010,PDS-66,200.5310455,-69.6368228,25,5/23/11 5:43,5/23/11 5:44,25.0,STIS,52X0.2,G430L,4300,11616,5/23/12 10:49,
OB6B23030,PDS-66,200.5310455,-69.6368228,25,5/23/11 6:02,5/23/11 6:30,1725.2,STIS,0.2X0.2,E230M,2561,11616,5/23/12 11:02,OB6B23030
OB6B23040,PDS-66,200.5310455,-69.6368228,25,5/23/11 7:09,5/23/11 8:03,3221.194,STIS,0.2X0.2,E140M,1425,11616,5/23/12 12:07,OB6B23040
OB6B23050,PDS-66,200.5310455,-69.6368228,25,5/23/11 8:43,5/23/11 9:39,3362.2,STIS,0.2X0.2,E140M,1425,11616,5/23/12 12:11,OB6B23050
OB6B23B6Q,PDS-66,200.5310455,-69.6368228,25,5/23/11 5:47,5/23/11 5:57,570.0,STIS,52X0.2,G230L,2376,11616,5/23/12 10:49,
OB6BC2010,RECX-1,129.2338528,-78.9459296,25,1/22/10 9:36,1/22/10 9:37,14.0,STIS,52X0.2,G430L,4300,11616,1/22/11 12:46,
OB6BC2030,RECX-1,129.2338528,-78.9459296,25,1/22/10 9:56,1/22/10 10:25,808.941,STIS,0.2X0.2,E230M,2561,11616,1/22/11 12:57,OB6BC2030
OB6BC2ZQQ,RECX-1,129.2338528,-78.9459296,25,1/22/10 9:40,1/22/10 9:51,629.0,STIS,52X0.2,G230L,2376,11616,1/22/11 12:46,
OB6BC4010,RECX-11,131.7553528,-78.9927948,25,12/12/09 5:32,12/12/09 5:34,45.0,STIS,52X0.2,G430L,4300,11616,12/12/10 8:30,
OB6BC4030,RECX-11,131.7553528,-78.9927948,25,12/12/09 5:54,12/12/09 6:20,697.802,STIS,0.2X0.2,E230M,2561,11616,12/12/10 8:41,OB6BC4030
OB6BC4YMQ,RECX-11,131.7553528,-78.9927948,25,12/12/09 5:37,12/12/09 5:49,700.0,STIS,52X0.2,G230L,2376,11616,12/12/10 8:30,
OB6BB7010,RECX-15,130.8267729,-79.0882437,25,2/5/10 21:09,2/5/10 21:10,45.0,STIS,52X0.2,G430L,4300,11616,2/6/11 1:05,
OB6BB7030,RECX-15,130.8267729,-79.0882437,25,2/5/10 21:30,2/5/10 21:58,916.357,STIS,0.2X0.2,E230M,2561,11616,2/6/11 1:06,OB6BB7030
OB6BB7DHQ,RECX-15,130.8267729,-79.0882437,25,2/5/10 21:13,2/5/10 21:25,680.0,STIS,52X0.2,G230L,2376,11616,2/6/11 0:55,
O63L06010,RW-AUR,76.9562917,30.4015278,10,2/25/01 0:17,2/25/01 0:57,2379.0,STIS,0.2X0.2,E230M,2707,8627,12/28/06 9:28,O63L06010
O63L06020,RW-AUR,76.9562917,30.4015278,10,2/25/01 1:45,2/25/01 2:34,2940.0,STIS,0.2X0.2,E230M,2707,8627,12/28/06 10:41,O63L06020
O5B401010,RY-LUP,239.8682908,-40.3642514,3,8/25/00 21:28,8/25/00 23:00,3284.0,STIS,52X0.2,G140L,1425,8205,12/16/06 22:09,O5B401010
O5B401020,RY-LUP,239.8682908,-40.3642514,3,8/25/00 23:08,8/25/00 23:30,1200.0,STIS,52X0.2,G230L,2376,8205,12/17/06 0:15,O5B401020
O5B401030,RY-LUP,239.8682908,-40.3642514,3,8/26/00 0:20,8/26/00 0:46,1440.0,STIS,52X2,G140L,1425,8205,12/17/06 2:33,O5B401030
O5B401040,RY-LUP,239.8682908,-40.3642514,3,8/26/00 0:53,8/26/00 1:03,600.0,STIS,52X2,G230L,2376,8205,12/17/06 4:24,O5B401040
O5B402010,RY-LUP,239.8682928,-40.3642514,3,6/30/00 11:11,6/30/00 12:51,3707.0,STIS,52X0.2,G230MB,2794,8205,12/17/06 8:04,O5B402010
O5B402020,RY-LUP,239.8682928,-40.3642514,3,6/30/00 12:52,6/30/00 14:52,4320.0,STIS,52X0.2,G230MB,2794,8205,12/17/06 10:09,O5B402020
O5B402030,RY-LUP,239.8682928,-40.3642514,3,6/30/00 15:40,6/30/00 16:23,2400.0,STIS,52X0.2,G230MB,2976,8205,12/17/06 12:15,O5B402030
OD2V01010,V-RY-LUP,239.8682258,-40.3643444,3,3/16/16 6:12,3/16/16 6:14,60.0,STIS,52X0.2,G430L,4300,14469,6/16/16 13:12,OD2V01010
OD2V01020,V-RY-LUP,239.8682258,-40.3643444,3,3/16/16 6:20,3/16/16 6:54,2027.0,STIS,52X0.2,G230L,2376,14469,6/16/16 13:11,OD2V01020
O5EX01010,RY-TAU,65.4893333,28.4433333,10,9/20/00 7:32,9/20/00 7:37,288.0,STIS,52X2,G230L,2376,8317,12/16/06 4:21,O5EX01010
O5EX01020,RY-TAU,65.4893333,28.4433333,10,9/20/00 7:44,9/20/00 8:08,1440.0,STIS,52X2,G140L,1425,8317,12/16/06 6:24,O5EX01020
O63L01010,RY-TAU,65.4893333,28.4433333,10,2/19/01 23:38,2/20/01 0:17,2353.0,STIS,0.2X0.2,E230M,2707,8627,12/23/06 22:42,O63L01010
O63L01020,RY-TAU,65.4893333,28.4433333,10,2/20/01 1:14,2/20/01 2:03,2923.0,STIS,0.2X0.2,E230M,2707,8627,12/24/06 3:54,O63L01020
O63L01030,RY-TAU,65.4893333,28.4433333,10,2/20/01 2:51,2/20/01 3:40,2923.0,STIS,0.2X0.2,E230M,2707,8627,12/24/06 8:18,O63L01030
OCKF01010,RYTAU,65.4892083,28.4432139,1,12/4/14 23:52,12/5/14 0:02,600.0,STIS,52X0.2,G140M,1550,13714,12/5/15 4:26,OCKF01010
OCKF01020,RYTAU,65.489128,28.4432431,1,12/5/14 0:05,12/5/14 0:15,600.0,STIS,52X0.2,G140M,1550,13714,12/5/15 4:27,OCKF01020
OCKF01030,RYTAU,65.4890478,28.4432722,1,12/5/14 1:03,12/5/14 1:13,600.0,STIS,52X0.2,G140M,1550,13714,12/5/15 4:27,OCKF01030
OCKF01040,RYTAU,65.4892083,28.4432139,1,12/5/14 1:14,12/5/14 1:27,815.0,STIS,52X0.2,G140M,1550,13714,12/5/15 4:27,OCKF01040
OCKF01050,RYTAU,65.489128,28.4432431,1,12/5/14 1:32,12/5/14 1:46,815.0,STIS,52X0.2,G140M,1550,13714,12/5/15 5:02,OCKF01050
OCKF01060,RYTAU,65.4890478,28.4432722,1,12/5/14 2:38,12/5/14 2:52,815.0,STIS,52X0.2,G140M,1550,13714,12/5/15 5:02,OCKF01060
OCKF01070,RYTAU,65.4892083,28.4432139,1,12/5/14 2:53,12/5/14 3:06,815.0,STIS,52X0.2,G140M,1550,13714,12/5/15 5:03,OCKF01070
OCKF01080,RYTAU,65.489128,28.4432431,1,12/5/14 3:11,12/5/14 3:25,815.0,STIS,52X0.2,G140M,1550,13714,12/5/15 7:53,OCKF01080
OCKF01090,RYTAU,65.4890478,28.4432722,1,12/5/14 4:14,12/5/14 4:28,815.0,STIS,52X0.2,G140M,1550,13714,12/5/15 7:54,OCKF01090
OCKF010A0,RYTAU,65.4892083,28.4432139,1,12/5/14 4:28,12/5/14 4:42,815.0,STIS,52X0.2,G140M,1550,13714,12/5/15 7:54,OCKF010A0
OCKF010B0,RYTAU,65.489128,28.4432431,1,12/5/14 4:47,12/5/14 5:00,815.0,STIS,52X0.2,G140M,1550,13714,12/5/15 8:08,OCKF010B0
OCKF010C0,RYTAU,65.4890478,28.4432722,1,12/5/14 5:49,12/5/14 6:03,815.0,STIS,52X0.2,G140M,1550,13714,12/5/15 8:08,OCKF010C0
OCKF010D0,RYTAU,65.4892083,28.4432139,1,12/5/14 6:04,12/5/14 6:17,815.0,STIS,52X0.2,G140M,1550,13714,12/5/15 8:08,OCKF010D0
OCKF010E0,RYTAU,65.489128,28.4432431,1,12/5/14 6:22,12/5/14 6:36,815.0,STIS,52X0.2,G140M,1550,13714,12/5/15 10:27,OCKF010E0
OCKF010F0,RYTAU,65.4890478,28.4432722,1,12/5/14 7:25,12/5/14 7:39,815.0,STIS,52X0.2,G140M,1550,13714,12/5/15 10:28,OCKF010F0
OCKF02010,RYTAU,65.4892083,28.4432139,1,12/6/14 21:50,12/6/14 22:01,620.0,STIS,52X0.2,G140L,1425,13714,12/7/15 5:12,OCKF02010
OCKF02020,RYTAU,65.489128,28.4432431,1,12/6/14 22:03,12/6/14 22:13,620.0,STIS,52X0.2,G140L,1425,13714,12/7/15 5:13,OCKF02020
OCKF02030,RYTAU,65.4890478,28.4432722,1,12/6/14 22:14,12/6/14 22:25,620.0,STIS,52X0.2,G140L,1425,13714,12/7/15 5:13,OCKF02030
OCKF02040,RYTAU,65.4892083,28.4432139,1,12/6/14 23:13,12/6/14 23:26,820.0,STIS,52X0.2,G140L,1425,13714,12/7/15 5:14,OCKF02040
OCKF02050,RYTAU,65.489128,28.4432431,1,12/6/14 23:30,12/6/14 23:44,820.0,STIS,52X0.2,G140L,1425,13714,12/7/15 5:15,OCKF02050
OCKF02060,RYTAU,65.4890478,28.4432722,1,12/6/14 23:45,12/6/14 23:59,820.0,STIS,52X0.2,G140L,1425,13714,12/7/15 5:16,OCKF02060
OCKF02070,RYTAU,65.4892083,28.4432139,1,12/7/14 0:48,12/7/14 1:02,850.0,STIS,52X0.2,G230L,2376,13714,12/7/15 6:06,OCKF02070
OCKF02080,RYTAU,65.489128,28.4432431,1,12/7/14 1:05,12/7/14 1:19,850.0,STIS,52X0.2,G230L,2376,13714,12/7/15 6:10,OCKF02080
OCKF02090,RYTAU,65.4890478,28.4432722,1,12/7/14 1:20,12/7/14 1:34,850.0,STIS,52X0.2,G230L,2376,13714,12/7/15 6:11,OCKF02090
OC0M04010,SAO-206462,228.9516778,-37.1546014,1,7/17/13 16:13,7/17/13 16:47,2000.0,STIS,52X0.2,G140M,1218,13032,7/18/14 13:11,OC0M04010
OC0M04020,SAO-206462,228.9516778,-37.1546014,1,7/17/13 17:29,7/17/13 18:14,2700.0,STIS,52X0.2,G140M,1218,13032,7/17/14 23:23,OC0M04020
OB6B33010,SCHJ0439016+2336030,69.7568196,23.6007903,25,8/29/10 20:00,8/29/10 20:07,358.0,STIS,52X0.2,G430L,4300,11616,8/30/11 2:26,
OB6B33020,SCHJ0439016+2336030,69.7568196,23.6007903,25,8/29/10 20:11,8/29/10 20:43,1305.442,STIS,52X0.2,G230L,2376,11616,8/30/11 2:27,
OB6B33030,SCHJ0439016+2336030,69.7568196,23.6007903,25,8/29/10 21:31,8/29/10 22:18,1182.349,STIS,0.2X0.2,E230M,2561,11616,8/30/11 2:33,OB6B33030
O8NS08010,SCOPMS15,239.3340833,-23.6468056,2,4/15/04 1:33,4/15/04 1:37,162.0,STIS,52X0.2,G430L,4300,9790,12/19/06 15:01,O8NS08010
O8NS08020,SCOPMS15,239.3340833,-23.6468056,2,4/15/04 1:43,4/15/04 2:14,1859.181,STIS,52X0.2,G140L,1425,9790,12/17/06 9:09,O8NS08020
O8NS09010,SCOPMS23,240.5435,-22.6911944,2,9/17/03 20:47,9/17/03 20:50,162.0,STIS,52X0.2,G430L,4300,9790,12/17/06 13:20,O8NS09010
O8NS09020,SCOPMS23,240.5435,-22.6911944,2,9/17/03 20:56,9/17/03 21:27,1859.184,STIS,52X0.2,G140L,1425,9790,12/17/06 15:25,O8NS09020
O8NS10010,SCOPMS45,242.835625,-18.3483611,2,9/15/03 12:45,9/15/03 12:49,162.0,STIS,52X0.2,G430L,4300,9790,12/17/06 21:22,O8NS10010
O8NS10020,SCOPMS45,242.835625,-18.3483611,2,9/15/03 12:55,9/15/03 13:26,1859.175,STIS,52X0.2,G140L,1425,9790,12/16/06 11:33,O8NS10020
O5EX02010,SU-AUR,73.9974167,30.5671389,10,2/13/00 15:16,2/13/00 15:55,2329.0,STIS,52X2,G140L,1425,8317,12/16/06 12:13,O5EX02010
O5EX02020,SU-AUR,73.9974167,30.5671389,10,2/13/00 16:42,2/13/00 17:17,2071.0,STIS,52X2,G140L,1425,8317,12/16/06 14:18,O5EX02020
O5EX02030,SU-AUR,73.9974167,30.5671389,10,2/13/00 17:27,2/13/00 17:31,288.0,STIS,52X2,G230L,2376,8317,12/16/06 16:14,O5EX02030
O63L05010,SU-AUR,73.9974167,30.5671389,10,2/24/01 21:04,2/24/01 21:44,2383.0,STIS,0.2X0.2,E230M,2707,8627,12/28/06 5:08,O63L05010
O63L05020,SU-AUR,73.9974167,30.5671389,10,2/24/01 22:31,2/24/01 23:20,2940.0,STIS,0.2X0.2,E230M,2707,8627,12/28/06 6:44,O63L05020
OB6BB9010,SZ-102,242.1238029,-39.053118,25,5/29/11 20:44,5/29/11 20:46,60.0,STIS,52X0.2,G430L,4300,11616,5/29/12 23:46,
OB6BB9030,SZ-102,242.1238029,-39.053118,25,5/29/11 21:51,5/29/11 22:15,1469.2,STIS,0.2X0.2,E230M,2561,11616,5/30/12 5:27,OB6BB9030
OB6BB9PWQ,SZ-102,242.1238029,-39.053118,25,5/29/11 20:49,5/29/11 20:57,500.0,STIS,52X0.2,G230L,2376,11616,5/29/12 23:46,
OB6BD9010,SZ-102,242.1238014,-39.0531197,25,9/17/11 18:53,9/17/11 18:58,1.536,STIS,52X2,G430L,4300,11616,9/18/12 2:10,
OB6BD9020,SZ-102,242.1238014,-39.0531197,25,9/17/11 19:06,9/17/11 19:06,0.0,STIS,52X2,G230L,2376,11616,9/18/12 2:13,
O8NZ44010,THA15-28,242.1236853,-39.0530888,5,2004-06-18 15:56:06,2004-06-18 16:35:26,2360.000,STIS  ,6X0.2,E230M,2707.000,9807,2006-12-20 08:11:22,O8NZ44010
O8NZ44020,THA15-28,242.1236853,-39.0530888,5,2004-06-18 17:20:39,2004-06-18 18:08:59,2900.000,STIS  ,6X0.2,E230M,2707.000,9807,2006-12-20 10:39:49,O8NZ44020
#O6MD07020,THA15-28,242.1236853,-39.0530889,8,2002-06-22 12:48:56,2002-06-22 13:34:58,2640.000,STIS  ,52X0.1,G750M,6581.000,9435,2006-11-23 05:15:23,O6MD07020
#O6MD07010,THA15-28,242.1238980,-39.0531111,8,2002-06-22 11:33:37,2002-06-22 12:09:59,2138.000,STIS  ,52X0.1,G750M,6581.000,9435,2006-11-23 03:08:34,O6MD07010
O8NZ44030,THA15-28,242.1238980,-39.0531112,5,2004-06-18 18:56:41,2004-06-18 19:45:01,2900.000,STIS  ,6X0.2,E230M,2707.000,9807,2006-12-20 12:36:31,O8NZ44030
O8NZ44040,THA15-28,242.1238980,-39.0531112,5,2004-06-18 20:32:44,2004-06-18 21:21:04,2900.000,STIS  ,6X0.2,E230M,2707.000,9807,2006-12-20 14:42:06,O8NZ44040
ODKE52020,V-V1190-SCO,242.1236539,-39.0531807,0,2020-05-22 21:50:16,2020-05-22 22:02:43,747.000,STIS  ,52X0.2,G430L,4300.000,15210,2020-11-23 17:33:07,ODKE52020
#ODKE56020,V-V1190-SCO,242.1236539,-39.0531807,0,2020-05-22 23:25:48,2020-05-22 23:38:12,744.000,STIS  ,52X0.2,G430M,4961.000,15210,2020-06-01 00:00:00,ODKE56020
ODKE57020,V-V1190-SCO,242.1236539,-39.0531807,0,2020-05-23 01:01:52,2020-05-23 01:13:55,723.000,STIS  ,52X0.2,G750M,6581.000,15210,2020-11-23 17:33:11,ODKE57020
#OCZB01BIQ,V-V1190-SCO,242.1238977,-39.0531991,2,2016-05-06 12:50:18,2016-05-06 12:50:23,5.000,STIS  ,52X0.1,G430M,3936.000,14177,2017-05-06 17:51:02,
OCZB01010,V-V1190-SCO,242.1238977,-39.0531991,2,2016-05-06 12:53:02,2016-05-06 13:10:26,1044.000,STIS  ,52X0.2,G430M,3936.000,14177,2017-05-06 17:51:21,OCZB01010
OCZB01030,V-V1190-SCO,242.1238977,-39.0531991,2,2016-05-06 14:14:35,2016-05-06 14:38:57,1462.000,STIS  ,52X0.2,G430M,3843.000,14177,2017-05-06 17:51:21,OCZB01030
ODKE58020,V-V1190-SCO,242.1236531,-39.0531842,0,2021-04-22 16:04:46,2021-04-22 16:17:10,744.000,STIS  ,52X0.2,G430M,4961.000,15210,2021-10-22 22:12:35,ODKE58020
#ODKE01010,V-V1190-SCO,242.1239000,-39.0532167,0,2019-05-08 21:14:35,2019-05-08 21:52:33,2278.162,STIS  ,52X0.2,G140M,1540.000,15210,2019-08-05 00:00:00,ODKE01010
#ODKE02010,V-V1190-SCO,242.1239000,-39.0532167,0,2019-05-05 18:40:52,2019-05-05 18:53:42,770.000,STIS  ,52X0.2,G430L,4300.000,15210,2019-08-05 00:00:00,ODKE02010
#ODKE02040,V-V1190-SCO,242.1239000,-39.0532167,0,2019-05-05 20:09:40,2019-05-05 20:09:41,0.768,STIS  ,52X0.2,G430M,4961.000,15210,2019-08-05 00:00:00,ODKE02040
#ODKE02070,V-V1190-SCO,242.1239000,-39.0532167,0,2019-05-05 21:48:34,2019-05-05 21:48:35,0.768,STIS  ,52X0.2,G750M,6581.000,15210,2019-08-05 00:00:00,ODKE02070
ODKE51010,V-V1190-SCO,242.1239000,-39.0532167,0,2020-05-21 23:22:36,2020-05-22 00:01:23,2326.723,STIS  ,52X0.2,G140M,1540.000,15210,2020-11-22 04:09:20,ODKE51010
ODKE52010,V-V1190-SCO,242.1239000,-39.0532167,0,2020-05-22 21:36:39,2020-05-22 21:49:06,747.000,STIS  ,52X0.2,G430L,4300.000,15210,2020-11-23 17:33:09,ODKE52010
ODKE54010,V-V1190-SCO,242.1239000,-39.0532167,0,2020-05-22 00:57:54,2020-05-22 01:36:41,2326.811,STIS  ,52X0.2,G140M,1540.000,15210,2020-11-22 06:47:34,ODKE54010
#ODKE56010,V-V1190-SCO,242.1239000,-39.0532167,0,2020-05-22 23:12:14,2020-05-22 23:24:38,744.000,STIS  ,52X0.2,G430M,4961.000,15210,2020-06-01 00:00:00,ODKE56010
ODKE57010,V-V1190-SCO,242.1239000,-39.0532167,0,2020-05-23 00:48:39,2020-05-23 01:00:42,723.000,STIS  ,52X0.2,G750M,6581.000,15210,2020-11-23 17:33:19,ODKE57010
ODKE58010,V-V1190-SCO,242.1239000,-39.0532167,0,2021-04-22 15:51:12,2021-04-22 16:03:36,744.000,STIS  ,52X0.2,G430M,4961.000,15210,2021-10-22 22:12:35,ODKE58010
OCZB01020,V-V1190-SCO,242.1240829,-39.0532232,2,2016-05-06 13:11:36,2016-05-06 13:29:00,1044.000,STIS  ,52X0.2,G430M,3936.000,14177,2017-05-06 17:51:21,OCZB01020
OCZB01040,V-V1190-SCO,242.1240830,-39.0532232,2,2016-05-06 14:40:07,2016-05-06 15:04:29,1462.000,STIS  ,52X0.2,G430M,3843.000,14177,2017-05-06 17:51:21,OCZB01040
ODKE52030,V-V1190-SCO,242.1234078,-39.0531448,0,2020-05-22 22:03:53,2020-05-22 22:16:20,747.000,STIS  ,52X0.2,G430L,4300.000,15210,2020-11-23 17:33:11,ODKE52030
#ODKE56030,V-V1190-SCO,242.1234078,-39.0531448,0,2020-05-22 23:39:22,2020-05-22 23:51:46,744.000,STIS  ,52X0.2,G430M,4961.000,15210,2020-06-01 00:00:00,ODKE56030
ODKE57030,V-V1190-SCO,242.1234078,-39.0531448,0,2020-05-23 01:15:05,2020-05-23 01:27:08,723.000,STIS  ,52X0.2,G750M,6581.000,15210,2020-11-23 17:33:18,ODKE57030
ODKE58030,V-V1190-SCO,242.1234062,-39.0531518,0,2021-04-22 16:18:20,2021-04-22 16:30:44,744.000,STIS  ,52X0.2,G430M,4961.000,15210,2021-10-22 22:12:33,ODKE58030
ODKE01020,V-V1190-SCO,242.1241467,-39.0532499,0,2019-05-08 22:36:22,2019-05-08 22:36:22,0.000,STIS  ,52X0.2,G140M,1540.000,15210,2019-08-05 00:00:00,
#ODKE02020,V-V1190-SCO,242.1241467,-39.0532499,0,2019-05-05 18:54:52,2019-05-05 19:07:42,770.000,STIS  ,52X0.2,G430L,4300.000,15210,2019-08-05 00:00:00,ODKE02020
#ODKE02050,V-V1190-SCO,242.1241467,-39.0532499,0,2019-05-05 20:26:39,2019-05-05 20:26:40,0.736,STIS  ,52X0.2,G430M,4961.000,15210,2019-08-05 00:00:00,ODKE02050
#ODKE02080,V-V1190-SCO,242.1241467,-39.0532499,0,2019-05-05 23:02:19,2019-05-05 23:02:20,0.736,STIS  ,52X0.2,G750M,6581.000,15210,2019-08-05 00:00:00,ODKE02080
ODKE01030,V-V1190-SCO,242.1243934,-39.0532831,0,2019-05-08 23:03:10,2019-05-08 23:03:10,0.000,STIS  ,52X0.2,G140M,1540.000,15210,2019-08-05 00:00:00,
#ODKE02030,V-V1190-SCO,242.1243934,-39.0532831,0,2019-05-05 19:51:28,2019-05-05 19:51:29,0.768,STIS  ,52X0.2,G430L,4300.000,15210,2019-08-05 00:00:00,ODKE02030
#ODKE02060,V-V1190-SCO,242.1243934,-39.0532831,0,2019-05-05 21:26:53,2019-05-05 21:26:54,0.768,STIS  ,52X0.2,G430M,4961.000,15210,2019-08-05 00:00:00,ODKE02060
#ODKE02090,V-V1190-SCO,242.1243934,-39.0532831,0,2019-05-05 23:19:18,2019-05-05 23:19:19,0.768,STIS  ,52X0.2,G750M,6581.000,15210,2019-08-05 00:00:00,ODKE02090
ODGX07010,SZ-68,236.3035393,-34.2919192,0,8/1/18 4:52,8/1/18 5:31,2307.2,STIS,52X0.2,G230M,3055,15070,8/1/18 11:41,ODGX07010
O5B403010,T-CHA,179.306295,-79.3587749,3,10/6/01 4:50,10/6/01 5:33,2468.0,STIS,52X0.2,G230L,2376,8205,12/17/06 18:11,O5B403010
O5B403020,T-CHA,179.306295,-79.3587749,3,10/6/01 6:09,10/6/01 7:56,3600.0,STIS,52X0.2,G140L,1425,8205,12/17/06 20:17,O5B403020
O5B403030,T-CHA,179.306295,-79.3587749,3,10/6/01 7:57,10/6/01 8:39,2311.0,STIS,52X0.2,G140L,1425,8205,12/16/06 10:07,O5B403030
O5B403040,T-CHA,179.306295,-79.3587749,3,10/6/01 9:21,10/6/01 9:45,1400.0,STIS,52X2,G230L,2376,8205,12/17/06 22:12,
O5B403050,T-CHA,179.306295,-79.3587749,3,10/6/01 9:52,10/6/01 10:16,1407.0,STIS,52X2,G140L,1425,8205,12/18/06 0:20,O5B403050
O5B404010,T-CHA,179.3062952,-79.358775,3,10/7/01 9:39,10/7/01 11:18,3620.0,STIS,52X0.2,G230MB,2794,8205,12/18/06 5:59,
O5B404020,T-CHA,179.3062952,-79.358775,3,10/7/01 11:18,10/7/01 13:09,4000.0,STIS,52X0.2,G230MB,2794,8205,10/7/01 16:25,
O5B404030,T-CHA,179.3062952,-79.358775,3,10/7/01 13:12,10/7/01 15:06,4185.0,STIS,52X0.2,G230MB,2794,8205,12/18/06 14:24,
O5EX05010,T-TAU,65.4975833,19.5351111,10,2/7/00 3:04,2/7/00 3:31,1622.0,STIS,52X2,G140L,1425,8317,12/17/06 14:19,O5EX05010
O5EX05020,T-TAU,65.4975833,19.5351111,10,2/7/00 3:38,2/7/00 3:42,240.0,STIS,52X2,G230L,2376,8317,12/17/06 18:12,O5EX05020
O63L02010,T-TAU,65.4975833,19.5351111,10,2/21/01 22:22,2/21/01 23:01,2331.0,STIS,0.2X0.2,E230M,2707,8627,12/26/06 19:24,O63L02010
O63L02020,T-TAU,65.4975833,19.5351111,10,2/21/01 23:48,2/22/01 0:36,2880.0,STIS,0.2X0.2,E230M,2707,8627,12/26/06 21:12,O63L02020
O63L02030,T-TAU,65.4975833,19.5351111,10,2/22/01 1:24,2/22/01 2:12,2880.0,STIS,0.2X0.2,E230M,2707,8627,12/26/06 22:20,O63L02030
O8O601010,T-TAU,65.4975833,19.5351111,1,2/7/04 18:40,2/7/04 19:19,2310.0,STIS,52X0.2,G140L,1425,9785,2/7/05 19:19,O8O601010
O8O601020,T-TAU,65.4975833,19.5351111,1,2/7/04 20:06,2/7/04 20:54,2870.0,STIS,52X0.2,G140L,1425,9785,2/7/05 20:54,O8O601020
#O8O602010,T-TAU-1,65.4985417,19.5351306,1,1/30/04 15:30,1/30/04 16:09,2310.0,STIS,52X0.2,G140L,1425,9785,1/30/05 16:09,O8O602010
#O8O602020,T-TAU-1,65.4985417,19.5351306,1,1/30/04 16:56,1/30/04 17:44,2870.0,STIS,52X0.2,G140L,1425,9785,1/30/05 17:44,O8O602020
#O8O603010,T-TAU-2,65.4999583,19.5351611,1,1/25/04 18:44,1/25/04 19:22,2267.0,STIS,52X0.5,G140L,1425,9785,1/25/05 19:22,O8O603010
#O8O603020,T-TAU-2,65.4999583,19.5351611,1,1/25/04 20:09,1/25/04 20:57,2870.0,STIS,52X0.5,G140L,1425,9785,1/25/05 20:57,O8O603020
OCY801010,T56,169.4041875,-77.0772556,1,5/14/16 20:22,5/14/16 20:24,45.0,STIS,52X2,G430L,4300,14193,5/16/17 14:46,OCY801010
OCY801020,T56,169.4041875,-77.0772556,1,5/14/16 20:30,5/14/16 20:30,3.0,STIS,52X2,G750L,7751,14193,5/16/17 14:47,OCY801020
OCY801030,T56,169.4041875,-77.0772556,1,5/14/16 20:38,5/14/16 21:04,1549.0,STIS,52X2,G230L,2376,14193,5/16/17 15:10,OCY801030
OCY801050,T56,169.4041875,-77.0772556,1,5/14/16 21:40,5/14/16 22:35,3298.0,STIS,52X2,G140L,1425,14193,5/16/17 14:50,OCY801050
OCY802010,T56,169.4041875,-77.0772556,1,5/17/16 2:21,5/17/16 2:23,45.0,STIS,52X2,G430L,4300,14193,5/17/17 6:05,OCY802010
OCY802020,T56,169.4041875,-77.0772556,1,5/17/16 2:28,5/17/16 2:29,3.0,STIS,52X2,G750L,7751,14193,5/17/17 6:05,OCY802020
OCY802030,T56,169.4041875,-77.0772556,1,5/17/16 2:37,5/17/16 3:03,1549.0,STIS,52X2,G230L,2376,14193,5/17/17 7:38,OCY802030
OCY802050,T56,169.4041875,-77.0772556,1,5/17/16 3:33,5/17/16 4:28,3298.0,STIS,52X2,G140L,1425,14193,5/17/17 7:41,OCY802050
OCY803010,T56,169.4041875,-77.0772556,1,5/18/16 18:01,5/18/16 18:03,45.0,STIS,52X2,G430L,4300,14193,5/19/17 1:20,OCY803010
OCY803020,T56,169.4041875,-77.0772556,1,5/18/16 18:09,5/18/16 18:09,3.0,STIS,52X2,G750L,7751,14193,5/19/17 1:20,OCY803020
OCY803030,T56,169.4041875,-77.0772556,1,5/18/16 18:17,5/18/16 18:43,1549.0,STIS,52X2,G230L,2376,14193,5/19/17 1:21,OCY803030
OCY803050,T56,169.4041875,-77.0772556,1,5/18/16 19:03,5/18/16 19:58,3298.0,STIS,52X2,G140L,1425,14193,5/19/17 1:22,OCY803050
OCY804010,T56,169.4041875,-77.0772556,1,5/20/16 22:22,5/20/16 22:23,45.0,STIS,52X2,G430L,4300,14193,5/21/17 1:04,OCY804010
OCY804020,T56,169.4041875,-77.0772556,1,5/20/16 22:29,5/20/16 22:30,3.0,STIS,52X2,G750L,7751,14193,5/21/17 1:05,OCY804020
OCY804030,T56,169.4041875,-77.0772556,1,5/20/16 22:38,5/20/16 23:04,1549.0,STIS,52X2,G230L,2376,14193,5/21/17 1:53,OCY804030
OCY804050,T56,169.4041875,-77.0772556,1,5/20/16 23:32,5/21/16 0:27,3298.0,STIS,52X2,G140L,1425,14193,5/21/17 1:54,OCY804050
OCY805010,T56,169.4041875,-77.0772556,1,7/6/16 1:17,7/6/16 1:19,45.0,STIS,52X2,G430L,4300,14193,7/6/17 6:29,OCY805010
OCY805020,T56,169.4041875,-77.0772556,1,7/6/16 1:24,7/6/16 1:25,3.0,STIS,52X2,G750L,7751,14193,7/6/17 6:29,OCY805020
OCY805030,T56,169.4041875,-77.0772556,1,7/6/16 1:33,7/6/16 1:59,1549.0,STIS,52X2,G230L,2376,14193,7/6/17 7:06,OCY805030
OCY805050,T56,169.4041875,-77.0772556,1,7/6/16 2:38,7/6/16 3:33,3298.0,STIS,52X2,G140L,1425,14193,7/6/17 8:04,OCY805050
OB3R07010,TW-HYA,165.4662762,-34.7047278,6,1/28/10 23:20,1/28/10 23:21,20.0,STIS,52X2,G430L,4300,11608,1/29/11 2:20,OB3R07010
OB3R07020,TW-HYA,165.4662762,-34.7047278,6,1/28/10 23:27,1/28/10 23:28,1.0,STIS,52X2,G750L,7751,11608,1/29/11 2:21,OB3R07020
OB3R07040,TW-HYA,165.4662762,-34.7047278,6,1/29/10 0:11,1/29/10 0:14,150.0,STIS,52X2,G230L,2376,11608,1/29/11 2:21,OB3R07040
OB3R07050,TW-HYA,165.4662762,-34.7047278,6,1/29/10 0:21,1/29/10 0:22,100.0,STIS,0.2X0.2,E140M,1425,11608,1/29/11 6:23,OB3R07050
OB3R07060,TW-HYA,165.4662762,-34.7047278,6,1/29/10 1:47,1/29/10 2:38,3058.0,STIS,0.2X0.2,E140M,1425,11608,1/29/11 6:23,OB3R07060
OB3R08010,TW-HYA,165.4662762,-34.7047278,6,2/4/10 2:01,2/4/10 2:02,20.0,STIS,52X2,G430L,4300,11608,2/4/11 4:49,OB3R08010
OB3R08020,TW-HYA,165.4662762,-34.7047278,6,2/4/10 2:08,2/4/10 2:09,1.0,STIS,52X2,G750L,7751,11608,2/4/11 4:57,OB3R08020
OB3R08040,TW-HYA,165.4662762,-34.7047278,6,2/4/10 2:22,2/4/10 2:24,150.0,STIS,52X2,G230L,2376,11608,2/4/11 4:57,OB3R08040
OB3R08050,TW-HYA,165.4662762,-34.7047278,6,2/4/10 2:31,2/4/10 2:33,100.0,STIS,0.2X0.2,E140M,1425,11608,2/4/11 8:51,OB3R08050
OB3R08060,TW-HYA,165.4662762,-34.7047278,6,2/4/10 3:16,2/4/10 4:07,3058.0,STIS,0.2X0.2,E140M,1425,11608,2/4/11 8:51,OB3R08060
OB3R09010,TW-HYA,165.4662762,-34.7047278,6,5/28/10 12:36,5/28/10 12:37,20.0,STIS,52X2,G430L,4300,11608,5/28/11 16:25,OB3R09010
OB3R09020,TW-HYA,165.4662762,-34.7047278,6,5/28/10 12:43,5/28/10 12:44,1.0,STIS,52X2,G750L,7751,11608,5/28/11 16:25,OB3R09020
OB3R09040,TW-HYA,165.4662762,-34.7047278,6,5/28/10 12:57,5/28/10 12:59,150.0,STIS,52X2,G230L,2376,11608,5/28/11 16:26,OB3R09040
OB3R09050,TW-HYA,165.4662762,-34.7047278,6,5/28/10 13:06,5/28/10 13:15,548.0,STIS,0.2X0.2,E140M,1425,11608,5/28/11 21:30,OB3R09050
OB3R09060,TW-HYA,165.4662762,-34.7047278,6,5/28/10 13:58,5/28/10 14:49,3058.0,STIS,0.2X0.2,E140M,1425,11608,5/28/11 21:31,OB3R09060
OB6BC9010,TWA-2,167.3030391,-30.0278094,25,12/7/09 10:04,12/7/09 10:05,15.0,STIS,52X0.2,G430L,4300,11616,12/7/10 16:47,
OB6BC9030,TWA-2,167.3030391,-30.0278094,25,12/7/09 10:22,12/7/09 10:46,677.959,STIS,0.2X0.2,E230M,2561,11616,12/7/10 16:58,OB6BC9030
OB6BC9D9Q,TWA-2,167.3030391,-30.0278094,25,12/7/09 10:08,12/7/09 10:17,520.0,STIS,52X0.2,G230L,2376,11616,12/7/10 16:47,
OB6B22010,TWA-3A,167.6158262,-37.5308939,25,3/26/11 6:32,3/26/11 6:34,70.0,STIS,52X0.2,G430L,4300,11616,3/26/12 13:52,
OB6B22030,TWA-3A,167.6158262,-37.5308939,25,3/26/11 6:52,3/26/11 7:11,1107.199,STIS,0.2X0.2,E230M,2561,11616,3/26/12 14:02,OB6B22030
OB6B22040,TWA-3A,167.6158261,-37.5308939,25,3/26/11 7:58,3/26/11 8:46,2899.988,STIS,52X0.2,G140M,1540,11616,3/26/12 14:02,OB6B22040
OB6B22060,TWA-3A,167.6158261,-37.5308939,25,3/26/11 10:00,3/26/11 10:22,1328.0,STIS,52X0.2,G140M,1321,11616,3/26/12 14:04,OB6B22060
OB6B22070,TWA-3A,167.6158261,-37.5308939,25,3/26/11 11:10,3/26/11 11:58,2912.197,STIS,52X0.2,G140L,1425,11616,3/26/12 15:07,OB6B22070
OB6B22CWQ,TWA-3A,167.6158262,-37.5308939,25,3/26/11 6:37,3/26/11 6:47,610.0,STIS,52X0.2,G230L,2376,11616,3/26/12 13:52,
OB6B22D6Q,TWA-3A,167.6158261,-37.5308939,25,3/26/11 9:33,3/26/11 9:56,1329.0,STIS,52X0.2,G140M,1222,11616,3/26/12 14:01,
OB6BB0010,TWA-7,160.6247498,-33.6713055,25,5/5/11 9:47,5/5/11 9:47,8.0,STIS,52X0.2,G430L,4300,11616,5/5/12 10:48,
OB6BB0030,TWA-7,160.6247498,-33.6713055,25,5/5/11 10:04,5/5/11 10:29,1490.199,STIS,0.2X0.2,E230M,2561,11616,5/5/12 13:28,OB6BB0030
OB6BB0TOQ,TWA-7,160.6247498,-33.6713055,25,5/5/11 9:50,5/5/11 9:59,500.0,STIS,52X0.2,G230L,2376,11616,5/5/12 10:47,
O8QL01010,TWOMASSWJ1207334-393254,181.8894167,-39.5483333,3,7/24/04 23:24,7/25/04 0:00,2150.0,STIS,52X0.2,G140L,1425,9841,7/25/05 0:00,O8QL01010
O8QL01020,TWOMASSWJ1207334-393254,181.8894167,-39.5483333,3,7/25/04 0:46,7/25/04 3:10,5800.0,STIS,52X0.2,G140L,1425,9841,7/25/05 3:10,O8QL01020
OB6BA7010,V-AA-TAU,68.7309275,24.4813355,25,1/7/11 2:34,1/7/11 2:35,50.0,STIS,52X0.2,G430L,4300,11616,1/7/12 7:20,
OB6BA7030,V-AA-TAU,68.7309275,24.4813355,25,1/7/11 2:52,1/7/11 3:16,1462.2,STIS,0.2X0.2,E230M,2561,11616,1/7/12 7:31,OB6BA7030
OB6BA7Z8Q,V-AA-TAU,68.7309275,24.4813355,25,1/7/11 2:39,1/7/11 2:47,505.0,STIS,52X0.2,G230L,2376,11616,1/7/12 7:20,
ODGX02010,V-AA-TAU,68.7309415,24.4813553,0,2/6/19 3:35,2/6/19 4:13,2275.199,STIS,52X0.2,G230M,3055,15070,2/6/19 5:52,ODGX02010
OB6B21010,V-AK-SCO,253.6868288,-36.8885756,25,8/21/10 17:59,8/21/10 18:00,4.0,STIS,52X0.2,G430L,4300,11616,8/22/11 1:49,
OB6B21020,V-AK-SCO,253.6868288,-36.8885756,25,8/21/10 18:04,8/21/10 18:21,1015.0,STIS,0.2X0.2,E230M,1978,11616,8/22/11 1:54,OB6B21020
OB6B21030,V-AK-SCO,253.6868288,-36.8885756,25,8/21/10 18:26,8/21/10 18:42,942.0,STIS,0.2X0.2,E230M,2707,11616,8/22/11 1:56,OB6B21030
OB6B21040,V-AK-SCO,253.6868288,-36.8885756,25,8/21/10 19:19,8/21/10 20:08,2917.172,STIS,0.2X0.2,E140M,1425,11616,8/22/11 2:03,OB6B21040
OCA601010,V-AK-SCO,253.6868267,-36.8886111,2,7/9/14 5:46,7/9/14 6:06,1191.185,STIS,52X0.2,G140L,1425,13372,7/9/15 13:15,OCA601010
OCA601020,V-AK-SCO,253.6868267,-36.8886111,2,7/9/14 6:14,7/9/14 6:26,716.2,STIS,52X0.2,G230L,2376,13372,7/9/15 13:17,OCA601020
OCA601030,V-AK-SCO,253.6868267,-36.8886111,2,7/9/14 7:11,7/9/14 7:21,600.179,STIS,52X0.2,G140L,1425,13372,7/9/15 13:19,OCA601030
OCA601040,V-AK-SCO,253.6868267,-36.8886111,2,7/9/14 7:29,7/9/14 7:30,60.02,STIS,52X0.2,G230L,2376,13372,7/9/15 13:20,OCA601040
OCA601050,V-AK-SCO,253.6868267,-36.8886111,2,7/9/14 7:38,7/9/14 7:53,860.19,STIS,52X0.2,G140L,1425,13372,7/9/15 13:22,OCA601050
OCA601060,V-AK-SCO,253.6868267,-36.8886111,2,7/9/14 8:01,7/9/14 8:02,50.002,STIS,52X0.2,G230L,2376,13372,7/9/15 13:23,OCA601060
OCA601070,V-AK-SCO,253.6868267,-36.8886111,2,7/9/14 8:46,7/9/14 8:56,600.193,STIS,52X0.2,G140L,1425,13372,7/9/15 13:24,OCA601070
OCA601080,V-AK-SCO,253.6868267,-36.8886111,2,7/9/14 9:05,7/9/14 9:06,60.02,STIS,52X0.2,G230L,2376,13372,7/9/15 14:59,OCA601080
OCA601090,V-AK-SCO,253.6868267,-36.8886111,2,7/9/14 9:14,7/9/14 9:28,860.189,STIS,52X0.2,G140L,1425,13372,7/9/15 14:59,OCA601090
OCA6010A0,V-AK-SCO,253.6868267,-36.8886111,2,7/9/14 9:36,7/9/14 9:37,50.002,STIS,52X0.2,G230L,2376,13372,7/9/15 15:00,OCA6010A0
OCA602010,V-AK-SCO,253.6868266,-36.8886114,2,7/22/14 20:11,7/22/14 20:31,1191.198,STIS,52X0.2,G140L,1425,13372,7/23/15 3:15,OCA602010
OCA602020,V-AK-SCO,253.6868266,-36.8886114,2,7/22/14 20:39,7/22/14 20:51,716.2,STIS,52X0.2,G230L,2376,13372,7/23/15 3:18,OCA602020
OCA602030,V-AK-SCO,253.6868266,-36.8886114,2,7/22/14 20:59,7/22/14 21:09,600.19,STIS,52X0.2,G140L,1425,13372,7/23/15 3:20,OCA602030
OCA602040,V-AK-SCO,253.6868266,-36.8886114,2,7/22/14 21:57,7/22/14 21:58,60.02,STIS,52X0.2,G230L,2376,13372,7/23/15 3:21,OCA602040
OCA602050,V-AK-SCO,253.6868266,-36.8886114,2,7/22/14 22:06,7/22/14 22:20,860.184,STIS,52X0.2,G140L,1425,13372,7/23/15 3:22,OCA602050
OCA602060,V-AK-SCO,253.6868266,-36.8886114,2,7/22/14 22:29,7/22/14 22:29,50.002,STIS,52X0.2,G230L,2376,13372,7/23/15 3:25,OCA602060
OCA602070,V-AK-SCO,253.6868266,-36.8886114,2,7/22/14 22:38,7/22/14 22:48,600.199,STIS,52X0.2,G140L,1425,13372,7/23/15 6:37,OCA602070
OCA602080,V-AK-SCO,253.6868266,-36.8886114,2,7/22/14 23:22,7/22/14 23:23,60.02,STIS,52X0.2,G230L,2376,13372,7/23/15 6:38,OCA602080
OCA602090,V-AK-SCO,253.6868266,-36.8886114,2,7/22/14 23:31,7/22/14 23:46,860.197,STIS,52X0.2,G140L,1425,13372,7/23/15 6:40,OCA602090
OCA6020A0,V-AK-SCO,253.6868266,-36.8886114,2,7/22/14 23:54,7/22/14 23:55,50.002,STIS,52X0.2,G230L,2376,13372,7/23/15 6:42,OCA6020A0
OCA6020B0,V-AK-SCO,253.6868266,-36.8886114,2,7/23/14 0:03,7/23/14 0:13,600.189,STIS,52X0.2,G140L,1425,13372,7/23/15 6:43,OCA6020B0
OCA6020C0,V-AK-SCO,253.6868266,-36.8886114,2,7/23/14 0:21,7/23/14 0:22,60.02,STIS,52X0.2,G230L,2376,13372,7/23/15 6:45,OCA6020C0
OCA6020D0,V-AK-SCO,253.6868266,-36.8886114,2,7/23/14 0:58,7/23/14 1:12,860.199,STIS,52X0.2,G140L,1425,13372,7/23/15 9:59,OCA6020D0
OCA6020E0,V-AK-SCO,253.6868266,-36.8886114,2,7/23/14 1:20,7/23/14 1:21,50.002,STIS,52X0.2,G230L,2376,13372,7/23/15 10:01,OCA6020E0
OB6BB6010,V-CS-CHA,165.6049952,-77.5600915,25,6/1/11 21:20,6/1/11 21:21,40.0,STIS,52X0.2,G430L,4300,11616,6/2/12 1:55,
OB6BB6030,V-CS-CHA,165.6049952,-77.5600915,25,6/1/11 22:15,6/1/11 22:44,1785.2,STIS,0.2X0.2,E230M,2561,11616,6/2/12 2:04,OB6BB6030
OB6BB6R0Q,V-CS-CHA,165.6049952,-77.5600915,25,6/1/11 21:24,6/1/11 21:34,576.0,STIS,52X0.2,G230L,2376,11616,6/2/12 1:56,
OCLV01010,V-CS-CHA,165.6038,-77.5599222,1,4/23/15 1:14,4/23/15 1:20,328.0,STIS,52X2,G750L,7751,13775,4/23/16 12:11,OCLV01010
OCLV01030,V-CS-CHA,165.6038,-77.5599222,1,4/23/15 1:30,4/23/15 1:36,303.0,STIS,52X2,G430L,4300,13775,4/23/16 12:12,OCLV01030
OCLV01040,V-CS-CHA,165.6038,-77.5599222,1,4/23/15 1:41,4/23/15 2:01,1178.0,STIS,52X2,G230L,2376,13775,4/23/16 12:14,OCLV01040
OCLV01050,V-CS-CHA,165.6038,-77.5599222,1,4/23/15 2:38,4/23/15 3:34,3315.0,STIS,52X2,G140L,1425,13775,4/23/16 12:16,OCLV01050
OB6B18010,V-CV-CHA,168.115226,-76.7394861,25,4/13/11 20:51,4/13/11 20:53,30.0,STIS,52X0.2,G430L,4300,11616,4/14/12 3:44,
OB6B18020,V-CV-CHA,168.115226,-76.7394861,25,4/13/11 20:57,4/13/11 21:41,2598.199,STIS,0.2X0.2,E230M,2561,11616,4/14/12 4:01,OB6B18020
OB6B18030,V-CV-CHA,168.115226,-76.7394861,25,4/13/11 22:00,4/13/11 22:54,3265.153,STIS,0.2X0.2,E140M,1425,11616,4/14/12 5:05,OB6B18030
OB6B18040,V-CV-CHA,168.115226,-76.7394861,25,4/13/11 23:33,4/14/11 0:30,3406.184,STIS,0.2X0.2,E140M,1425,11616,4/14/12 5:13,OB6B18040
ODGX04010,V-CW-TAU,63.5709319,28.1825961,0,12/16/17 13:58,12/16/17 14:34,2168.199,STIS,52X0.2,G230M,3055,15070,12/17/17 3:14,ODGX04010
OB6BA8010,V-DE-TAU,65.4820254,27.9183629,25,8/20/10 16:57,8/20/10 16:58,45.0,STIS,52X0.2,G430L,4300,11616,8/20/11 18:18,
OB6BA8030,V-DE-TAU,65.4820254,27.9183629,25,8/20/10 17:15,8/20/10 17:40,1388.149,STIS,0.2X0.2,E230M,2561,11616,8/20/11 21:41,OB6BA8030
OB6BA8BUQ,V-DE-TAU,65.4820254,27.9183629,25,8/20/10 17:01,8/20/10 17:10,539.0,STIS,52X0.2,G230L,2376,11616,8/20/11 18:18,
OC0N01010,V-DG-TAU,66.7695833,26.1044722,0,10/16/12 11:00,10/16/12 11:07,360.0,STIS,52X0.2,G430L,4300,12907,10/16/13 13:59,OC0N01010
OC0N01020,V-DG-TAU,66.7695833,26.1044722,0,10/16/12 11:14,10/16/12 11:38,1441.178,STIS,52X0.2,G140M,1540,12907,10/16/13 15:39,OC0N01020
OC0N01030,V-DG-TAU,66.769692,26.104571,0,10/16/12 12:24,10/16/12 13:10,2761.181,STIS,52X0.2,G140M,1540,12907,10/16/13 15:39,OC0N01030
OC0N01040,V-DG-TAU,66.7698007,26.1046698,0,10/16/12 14:00,10/16/12 14:46,2761.195,STIS,52X0.2,G140M,1540,12907,10/16/13 17:22,OC0N01040
OC0N02010,V-DG-TAU,66.7695833,26.1044722,0,10/11/12 19:15,10/11/12 19:52,2075.0,STIS,52X0.2,G750M,6581,12907,10/12/13 1:38,OC0N02010
OB6BB2010,V-DK-TAU,67.684378,26.0234673,25,2/4/10 22:08,2/4/10 22:09,20.0,STIS,52X0.2,G430L,4300,11616,2/5/11 4:39,
OB6BB2030,V-DK-TAU,67.684378,26.0234673,25,2/4/10 22:26,2/4/10 22:51,854.39,STIS,0.2X0.2,E230M,2561,11616,2/5/11 4:50,OB6BB2030
OB6BB2Y9Q,V-DK-TAU,67.684378,26.0234673,25,2/4/10 22:12,2/4/10 22:21,520.0,STIS,52X0.2,G230L,2376,11616,2/5/11 4:39,
OB6BA2010,V-DM-TAU,68.4530741,18.1693595,25,8/22/10 20:09,8/22/10 20:11,60.0,STIS,52X0.2,G430L,4300,11616,8/22/11 22:46,
OB6BA2030,V-DM-TAU,68.4530741,18.1693595,25,8/22/10 20:28,8/22/10 20:51,1330.057,STIS,0.2X0.2,E230M,2561,11616,8/22/11 22:54,OB6BA2030
OB6BA2NDQ,V-DM-TAU,68.4530741,18.1693595,25,8/22/10 20:14,8/22/10 20:23,545.0,STIS,52X0.2,G230L,2376,11616,8/22/11 22:47,
OB6BA4010,V-DN-TAU,68.8643395,24.2497512,25,9/10/11 21:27,9/10/11 21:28,40.0,STIS,52X0.2,G430L,4300,11616,9/11/12 1:39,
OB6BA4030,V-DN-TAU,68.8643395,24.2497512,25,9/10/11 21:45,9/10/11 22:09,1441.2,STIS,0.2X0.2,E230M,2561,11616,9/11/12 1:43,OB6BA4030
OB6BA4IHQ,V-DN-TAU,68.8643395,24.2497512,25,9/10/11 21:31,9/10/11 21:40,536.0,STIS,52X0.2,G230L,2376,11616,9/11/12 1:39,
OB6BB4010,V-DR-TAU,71.7759354,16.9785003,25,2/15/10 14:14,2/15/10 14:15,10.0,STIS,52X0.2,G430L,4300,11616,2/15/11 17:18,
OB6BB4030,V-DR-TAU,71.7759354,16.9785003,25,2/15/10 15:18,2/15/10 15:42,881.274,STIS,0.2X0.2,E230M,2561,11616,2/15/11 20:33,OB6BB4030
OB6BB4G8Q,V-DR-TAU,71.7759354,16.9785003,25,2/15/10 14:18,2/15/10 14:26,526.0,STIS,52X0.2,G230L,2376,11616,2/15/11 17:18,
OB6BA0010,V-FM-TAU,63.5565122,28.2135672,25,9/21/11 19:35,9/21/11 19:37,80.0,STIS,52X0.2,G430L,4300,11616,9/22/12 0:18,
OB6BA0030,V-FM-TAU,63.5565122,28.2135672,25,9/21/11 19:56,9/21/11 20:19,1401.199,STIS,0.2X0.2,E230M,2561,11616,9/22/12 0:22,OB6BA0030
OB6BA0R4Q,V-FM-TAU,63.5565122,28.2135672,25,9/21/11 19:40,9/21/11 19:51,630.0,STIS,52X0.2,G230L,2376,11616,9/22/12 0:18,
OB6BA1010,V-GM-AUR,73.7957459,30.3664218,25,8/19/10 18:36,8/19/10 18:38,40.0,STIS,52X0.2,G430L,4300,11616,8/19/11 23:44,
OB6BA1030,V-GM-AUR,73.7957459,30.3664218,25,8/19/10 18:55,8/19/10 19:19,1300.467,STIS,0.2X0.2,E230M,2561,11616,8/19/11 23:57,OB6BA1030
OB6BA1W8Q,V-GM-AUR,73.7957459,30.3664218,25,8/19/10 18:41,8/19/10 18:50,571.0,STIS,52X0.2,G230L,2376,11616,8/19/11 23:45,
OCSN01010,V-GM-AUR,73.79575,30.3665,1,1/5/16 20:45,1/5/16 20:46,35.0,STIS,52X2,G430L,4300,14048,1/6/17 14:11,OCSN01010
OCSN01020,V-GM-AUR,73.79575,30.3665,1,1/5/16 20:52,1/5/16 20:53,8.0,STIS,52X2,G750L,7751,14048,1/6/17 14:11,OCSN01020
OCSN01040,V-GM-AUR,73.79575,30.3665,1,1/5/16 21:06,1/5/16 21:26,1207.0,STIS,52X2,G230L,2376,14048,1/6/17 14:12,OCSN01040
OCSN01050,V-GM-AUR,73.79575,30.3665,1,1/5/16 22:11,1/5/16 23:00,2967.0,STIS,52X2,G140L,1425,14048,1/6/17 14:14,OCSN01050
OCSN02010,V-GM-AUR,73.79575,30.3665,1,1/9/16 13:48,1/9/16 13:49,35.0,STIS,52X2,G430L,4300,14048,1/9/17 20:45,OCSN02010
OCSN02020,V-GM-AUR,73.79575,30.3665,1,1/9/16 13:55,1/9/16 13:55,8.0,STIS,52X2,G750L,7751,14048,1/9/17 20:46,OCSN02020
OCSN02040,V-GM-AUR,73.79575,30.3665,1,1/9/16 14:09,1/9/16 14:29,1207.0,STIS,52X2,G230L,2376,14048,1/9/17 20:46,OCSN02040
OCSN02050,V-GM-AUR,73.79575,30.3665,1,1/9/16 15:13,1/9/16 16:02,2967.0,STIS,52X2,G140L,1425,14048,1/9/17 20:49,OCSN02050
ODKD01010,V-GM-AUR,73.7957625,30.3665389,1,1/4/18 6:18,1/4/18 6:19,35.0,STIS,52X2,G430L,4300,15165,7/4/18 15:09,ODKD01010
ODKD01020,V-GM-AUR,73.7957625,30.3665389,1,1/4/18 6:25,1/4/18 6:25,8.0,STIS,52X2,G750L,7751,15165,7/4/18 15:09,ODKD01020
ODKD01040,V-GM-AUR,73.7957625,30.3665389,1,1/4/18 6:40,1/4/18 6:58,1093.199,STIS,52X2,G230L,2376,15165,7/4/18 15:09,ODKD01040
ODKD01050,V-GM-AUR,73.7957625,30.3665389,1,1/4/18 7:45,1/4/18 8:34,2950.197,STIS,52X2,G140L,1425,15165,7/4/18 15:09,ODKD01050
ODKD02010,V-GM-AUR,73.7957625,30.3665389,1,1/11/18 5:10,1/11/18 5:11,35.0,STIS,52X2,G430L,4300,15165,7/11/18 7:27,ODKD02010
ODKD02020,V-GM-AUR,73.7957625,30.3665389,1,1/11/18 5:17,1/11/18 5:18,8.0,STIS,52X2,G750L,7751,15165,7/11/18 7:27,ODKD02020
ODKD02040,V-GM-AUR,73.7957625,30.3665389,1,1/11/18 5:33,1/11/18 5:51,1093.2,STIS,52X2,G230L,2376,15165,7/11/18 7:27,ODKD02040
ODKD02050,V-GM-AUR,73.7957625,30.3665389,1,1/11/18 6:37,1/11/18 7:26,2950.198,STIS,52X2,G140L,1425,15165,7/11/18 10:47,ODKD02050
ODKD03010,V-GM-AUR,73.7957625,30.3665389,1,1/19/18 3:50,1/19/18 3:52,35.0,STIS,52X2,G430L,4300,15165,7/19/18 13:00,ODKD03010
ODKD03020,V-GM-AUR,73.7957625,30.3665389,1,1/19/18 3:57,1/19/18 3:58,8.0,STIS,52X2,G750L,7751,15165,7/19/18 13:00,ODKD03020
ODKD03040,V-GM-AUR,73.7957625,30.3665389,1,1/19/18 4:13,1/19/18 4:31,1093.199,STIS,52X2,G230L,2376,15165,7/19/18 13:00,ODKD03040
ODKD03050,V-GM-AUR,73.7957625,30.3665389,1,1/19/18 5:17,1/19/18 6:07,2950.198,STIS,52X2,G140L,1425,15165,7/19/18 13:00,ODKD03050
ODGX14010,V-HK-ORI,82.866872,12.1528528,0,3/11/18 5:13,3/11/18 5:51,2326.2,STIS,0.2X0.2,E230M,2707,15070,3/11/18 13:37,ODGX14010
OB6BA9010,V-HN-TAU,68.4140616,17.8644739,25,2/10/10 20:20,2/10/10 20:21,30.0,STIS,52X0.2,G430L,4300,11616,2/11/11 0:45,
OB6BA9030,V-HN-TAU,68.4140616,17.8644739,25,2/10/10 20:38,2/10/10 21:02,807.529,STIS,0.2X0.2,E230M,2561,11616,2/11/11 0:56,OB6BA9030
OB6BA9QPQ,V-HN-TAU,68.4140616,17.8644739,25,2/10/10 20:24,2/10/10 20:33,530.0,STIS,52X0.2,G230L,2376,11616,2/11/11 0:45,
OB6BA5010,V-IP-TAU,66.2381014,27.199009,25,3/21/11 12:34,3/21/11 12:35,40.0,STIS,52X0.2,G430L,4300,11616,3/21/12 15:58,
OB6BA5030,V-IP-TAU,66.2381014,27.199009,25,3/21/11 12:53,3/21/11 13:16,1425.2,STIS,0.2X0.2,E230M,2561,11616,3/21/12 16:16,OB6BA5030
OB6BA5E9Q,V-IP-TAU,66.2381014,27.199009,25,3/21/11 12:38,3/21/11 12:47,560.0,STIS,52X0.2,G230L,2376,11616,3/21/12 15:58,
OB6BB1010,V-SU-AUR,73.9974479,30.5670057,25,3/25/11 10:50,3/25/11 10:51,10.0,STIS,52X0.2,G430L,4300,11616,3/25/12 17:55,
OB6BB1030,V-SU-AUR,73.9974479,30.5670057,25,3/25/11 11:07,3/25/11 11:32,1489.2,STIS,0.2X0.2,E230M,2561,11616,3/25/12 18:07,OB6BB1030
OB6BB1Z8Q,V-SU-AUR,73.9974479,30.5670057,25,3/25/11 10:54,3/25/11 11:02,495.0,STIS,52X0.2,G230L,2376,11616,3/25/12 17:56,
OCLV02010,V-SZ-CHA,164.5698917,-77.2880722,1,3/15/15 2:26,3/15/15 2:26,2.0,STIS,52X2,G750L,7751,13775,3/16/16 15:02,OCLV02010
OCLV02030,V-SZ-CHA,164.5698917,-77.2880722,1,3/15/15 2:38,3/15/15 2:39,20.0,STIS,52X2,G430L,4300,13775,3/15/16 14:00,OCLV02030
OCLV02040,V-SZ-CHA,164.5698917,-77.2880722,1,3/15/15 2:47,3/15/15 3:11,1491.0,STIS,52X2,G230L,2376,13775,3/15/16 14:00,OCLV02040
OCLV02050,V-SZ-CHA,164.5698917,-77.2880722,1,3/15/15 3:41,3/15/15 4:36,3315.0,STIS,52X2,G140L,1425,13775,3/15/16 7:51,OCLV02050
ODGX09010,V-T-CRA,285.4949429,-36.9639992,0,10/2/18 15:51,10/2/18 16:31,2380.198,STIS,52X0.2,G230M,3055,15070,10/2/18 19:13,ODGX09010
OCLV03010,V-TW-HYA,165.4662779,-34.7047306,1,4/18/15 3:48,4/18/15 3:49,1.0,STIS,52X2,G750L,7751,13775,4/18/16 11:49,OCLV03010
OCLV03030,V-TW-HYA,165.4662779,-34.7047306,1,4/18/15 4:01,4/18/15 4:02,20.0,STIS,52X2,G430L,4300,13775,4/18/16 11:50,OCLV03030
OCLV03040,V-TW-HYA,165.4662779,-34.7047306,1,4/18/15 4:09,4/18/15 4:12,150.0,STIS,52X2,G230L,2376,13775,4/18/16 11:51,OCLV03040
OCLV03050,V-TW-HYA,165.4662779,-34.7047306,1,4/18/15 4:19,4/18/15 4:27,485.0,STIS,0.2X0.2,E140M,1425,13775,4/18/16 11:53,OCLV03050
OCLV03060,V-TW-HYA,165.4662779,-34.7047306,1,4/18/15 5:11,4/18/15 6:01,3005.0,STIS,0.2X0.2,E140M,1425,13775,4/18/16 11:55,OCLV03060
OB6BA6010,V-V836-TAU,75.7775823,25.3887722,25,2/5/11 11:07,2/5/11 11:08,60.0,STIS,52X0.2,G430L,4300,11616,2/5/12 13:08,
OB6BA6030,V-V836-TAU,75.7775823,25.3887722,25,2/5/11 11:26,2/5/11 11:49,1396.2,STIS,0.2X0.2,E230M,2561,11616,2/5/12 13:19,OB6BA6030
OB6BA6LAQ,V-V836-TAU,75.7775823,25.3887722,25,2/5/11 11:11,2/5/11 11:21,567.0,STIS,52X0.2,G230L,2376,11616,2/5/12 13:08,
OCY806010,V-VW-CHA,167.0061917,-77.7080139,1,1/23/16 5:27,1/23/16 5:29,25.0,STIS,52X2,G430L,4300,14193,1/23/17 9:27,OCY806010
OCY806020,V-VW-CHA,167.0061917,-77.7080139,1,1/23/16 5:34,1/23/16 5:35,2.0,STIS,52X2,G750L,7751,14193,1/23/17 9:27,OCY806020
OCY806030,V-VW-CHA,167.0061917,-77.7080139,1,1/23/16 5:43,1/23/16 6:11,1671.0,STIS,52X2,G230L,2376,14193,1/23/17 9:29,OCY806030
OCY806050,V-VW-CHA,167.0061917,-77.7080139,1,1/23/16 6:52,1/23/16 7:47,3298.0,STIS,52X2,G140L,1425,14193,1/23/17 12:44,OCY806050
OCY807010,V-VW-CHA,167.0061917,-77.7080139,1,1/25/16 5:05,1/25/16 5:07,25.0,STIS,52X2,G430L,4300,14193,1/25/17 9:25,OCY807010
OCY807020,V-VW-CHA,167.0061917,-77.7080139,1,1/25/16 5:12,1/25/16 5:13,2.0,STIS,52X2,G750L,7751,14193,1/25/17 9:25,OCY807020
OCY807030,V-VW-CHA,167.0061917,-77.7080139,1,1/25/16 5:21,1/25/16 5:49,1671.0,STIS,52X2,G230L,2376,14193,1/25/17 12:12,OCY807030
OCY807050,V-VW-CHA,167.0061917,-77.7080139,1,1/25/16 6:30,1/25/16 7:25,3298.0,STIS,52X2,G140L,1425,14193,1/25/17 13:16,OCY807050
OCY808010,V-VW-CHA,167.0061917,-77.7080139,1,1/27/16 3:07,1/27/16 3:09,25.0,STIS,52X2,G430L,4300,14193,1/27/17 12:27,OCY808010
OCY808020,V-VW-CHA,167.0061917,-77.7080139,1,1/27/16 3:14,1/27/16 3:15,2.0,STIS,52X2,G750L,7751,14193,1/27/17 12:27,OCY808020
OCY808030,V-VW-CHA,167.0061917,-77.7080139,1,1/27/16 3:23,1/27/16 3:51,1671.0,STIS,52X2,G230L,2376,14193,1/27/17 12:28,OCY808030
OCY808050,V-VW-CHA,167.0061917,-77.7080139,1,1/27/16 4:33,1/27/16 5:28,3298.0,STIS,52X2,G140L,1425,14193,1/27/17 12:31,OCY808050
OCY809010,V-VW-CHA,167.0061917,-77.7080139,1,1/29/16 2:47,1/29/16 2:49,25.0,STIS,52X2,G430L,4300,14193,1/29/17 12:44,OCY809010
OCY809020,V-VW-CHA,167.0061917,-77.7080139,1,1/29/16 2:54,1/29/16 2:55,2.0,STIS,52X2,G750L,7751,14193,1/29/17 12:44,OCY809020
OCY809030,V-VW-CHA,167.0061917,-77.7080139,1,1/29/16 3:03,1/29/16 3:31,1671.0,STIS,52X2,G230L,2376,14193,1/29/17 12:45,OCY809030
OCY809050,V-VW-CHA,167.0061917,-77.7080139,1,1/29/16 4:10,1/29/16 5:05,3298.0,STIS,52X2,G140L,1425,14193,1/29/17 12:38,OCY809050
OCY810010,V-VW-CHA,167.0061917,-77.7080139,1,3/11/16 4:54,3/11/16 4:55,25.0,STIS,52X2,G430L,4300,14193,3/11/17 12:38,OCY810010
OCY810020,V-VW-CHA,167.0061917,-77.7080139,1,3/11/16 5:01,3/11/16 5:02,2.0,STIS,52X2,G750L,7751,14193,3/11/17 12:39,OCY810020
OCY810030,V-VW-CHA,167.0061917,-77.7080139,1,3/11/16 5:10,3/11/16 5:38,1671.0,STIS,52X2,G230L,2376,14193,3/11/17 12:39,OCY810030
OCY810050,V-VW-CHA,167.0061917,-77.7080139,1,3/11/16 6:18,3/11/16 7:13,3298.0,STIS,52X2,G140L,1425,14193,3/11/17 12:42,OCY810050
O5EX07010,V1044-ORI,83.56825,-5.6125833,10,2/15/00 20:19,2/15/00 20:23,240.0,STIS,52X2,G230L,2376,8317,12/18/06 0:20,O5EX07010
O5EX07020,V1044-ORI,83.56825,-5.6125833,10,2/15/00 20:31,2/15/00 20:57,1555.0,STIS,52X2,G140L,1425,8317,12/18/06 2:51,O5EX07020
O8NS02010,V1068TAU,64.1168333,28.1266389,2,3/1/04 23:21,3/1/04 23:25,162.0,STIS,52X0.2,G430L,4300,9790,12/11/06 10:58,O8NS02010
O8NS02020,V1068TAU,64.1168333,28.1266389,2,3/1/04 23:31,3/2/04 0:02,1859.192,STIS,52X0.2,G140L,1425,9790,12/11/06 12:55,O8NS02020
O8NS03010,V1070TAU,64.9222917,27.8302778,2,2/4/04 17:01,2/4/04 17:05,162.0,STIS,52X0.2,G430L,4300,9790,12/15/06 19:23,O8NS03010
O8NS03020,V1070TAU,64.9222917,27.8302778,2,2/4/04 17:11,2/4/04 17:42,1859.171,STIS,52X0.2,G140L,1425,9790,12/15/06 20:44,O8NS03020
O8NS01010,V1098TAU,63.69975,27.8766111,2,9/20/03 11:59,9/20/03 12:02,162.0,STIS,52X0.2,G430L,4300,9790,12/11/06 4:40,O8NS01010
O8NS01020,V1098TAU,63.69975,27.8766111,2,9/20/03 12:08,9/20/03 12:39,1859.19,STIS,52X0.2,G140L,1425,9790,12/11/06 6:54,O8NS01020
OB6B20010,V2129-OPH,246.9178476,-24.3679424,25,10/9/11 5:17,10/9/11 5:18,50.0,STIS,52X0.2,G430L,4300,11616,10/9/12 11:48,
OB6B20030,V2129-OPH,246.9178476,-24.3679424,25,10/9/11 5:35,10/9/11 5:58,1422.2,STIS,0.2X0.2,E230M,2561,11616,10/9/12 11:52,OB6B20030
OB6B20040,V2129-OPH,246.9178476,-24.3679424,25,10/9/11 6:45,10/9/11 7:33,2855.863,STIS,0.2X0.2,E140M,1425,11616,10/9/12 11:54,OB6B20040
OB6B20050,V2129-OPH,246.9178476,-24.3679424,25,10/9/11 8:18,10/9/11 9:08,2997.169,STIS,0.2X0.2,E140M,1425,11616,10/9/12 11:56,OB6B20050
OB6B20L3Q,V2129-OPH,246.9178476,-24.3679424,25,10/9/11 5:21,10/9/11 5:29,500.0,STIS,52X0.2,G230L,2376,11616,10/9/12 11:48,
O8NS07010,V397AUR,74.0084583,30.3511389,2,1/20/04 2:44,1/20/04 2:48,162.0,STIS,52X0.2,G430L,4300,9790,12/17/06 1:51,O8NS07010
O8NS07020,V397AUR,74.0084583,30.3511389,2,1/20/04 2:54,1/20/04 3:25,1859.189,STIS,52X0.2,G140L,1425,9790,12/17/06 3:47,O8NS07020
O5E308010,V410-TAU,64.6299167,28.4545556,20,1/30/01 10:35,1/30/01 11:08,1999.7,STIS,0.2X0.06,E140M,1425,8157,1/30/02 11:08,O5E308010
O5E308020,V410-TAU,64.6299167,28.4545556,20,1/30/01 11:53,1/30/01 12:42,2920.01,STIS,0.2X0.06,E140M,1425,8157,1/30/02 12:42,O5E308020
O5E308030,V410-TAU,64.6299167,28.4545556,20,1/30/01 13:30,1/30/01 13:32,120.0,STIS,52X0.1,G430L,4300,8157,1/30/02 13:32,O5E308030
O5E308040,V410-TAU,64.6299167,28.4545556,20,1/30/01 13:38,1/30/01 14:12,2020.192,STIS,0.2X0.06,E140M,1425,8157,1/30/02 14:12,O5E308040
O5E308050,V410-TAU,64.6299167,28.4545556,20,1/30/01 15:06,1/30/01 15:50,2650.113,STIS,0.2X0.06,E140M,1425,8157,1/30/02 15:50,O5E308050
O5CF04010,V819-TAU,64.85975,28.4374167,9,8/31/00 19:40,8/31/00 20:19,2325.0,STIS,0.2X0.2,E230M,2707,8206,9/1/00 0:21,O5CF04010
O5CF04020,V819-TAU,64.85975,28.4374167,9,8/31/00 21:05,8/31/00 21:54,2923.0,STIS,0.2X0.2,E230M,1978,8206,9/1/00 2:14,O5CF04020
O5E309010,V819-TAU,64.85975,28.4374167,20,8/30/00 18:02,8/30/00 18:35,2000.172,STIS,0.2X0.06,E140M,1425,8157,8/30/01 18:35,O5E309010
O5E309020,V819-TAU,64.85975,28.4374167,20,8/30/00 19:21,8/30/00 20:10,2920.062,STIS,0.2X0.06,E140M,1425,8157,8/30/01 20:10,O5E309020
O5E309030,V819-TAU,64.85975,28.4374167,20,8/30/00 20:58,8/30/00 21:04,360.0,STIS,52X0.1,G430L,4300,8157,8/30/01 21:04,O5E309030
O5E309040,V819-TAU,64.85975,28.4374167,20,8/30/00 21:10,8/30/00 21:41,1820.089,STIS,0.2X0.06,E140M,1425,8157,8/30/01 21:41,O5E309040
O5E309050,V819-TAU,64.85975,28.4374167,20,8/30/00 22:34,8/30/00 23:18,2650.183,STIS,0.2X0.06,E140M,1425,8157,8/30/01 23:18,O5E309050
O8NS05010,V826TAU,68.0659167,18.0275278,2,9/8/03 15:01,9/8/03 15:04,162.0,STIS,52X0.2,G430L,4300,9790,12/16/06 9:00,O8NS05010
O8NS05020,V826TAU,68.0659167,18.0275278,2,9/8/03 15:10,9/8/03 15:41,1859.191,STIS,52X0.2,G140L,1425,9790,12/16/06 13:38,O8NS05020
O8NS04010,V827TAU,68.060625,18.3375,2,9/7/03 15:01,9/7/03 15:03,1.536,STIS,52X0.2,G430L,4300,9790,12/16/06 2:19,O8NS04010
O8NS04020,V827TAU,68.060625,18.3375,2,9/7/03 15:10,9/7/03 15:10,0.0,STIS,52X0.2,G140L,1425,9790,12/16/06 5:26,
O8NS40010,V827TAU,68.060625,18.3375,2,1/26/04 1:05,1/26/04 1:09,162.0,STIS,52X0.2,G430L,4300,9790,12/18/06 1:29,O8NS40010
O8NS40020,V827TAU,68.060625,18.3375,2,1/26/04 1:15,1/26/04 1:46,1859.18,STIS,52X0.2,G140L,1425,9790,12/18/06 4:56,O8NS40020
O8NS06010,V830TAU,68.29175,24.5620278,2,10/26/03 21:39,10/26/03 21:42,162.0,STIS,52X0.2,G430L,4300,9790,12/16/06 17:21,O8NS06010
O8NS06020,V830TAU,68.29175,24.5620278,2,10/26/03 21:48,10/26/03 22:19,1859.153,STIS,52X0.2,G140L,1425,9790,12/16/06 21:30,O8NS06020
O5E310010,V836-TAU,75.7775,25.3887778,20,2/14/01 5:49,2/14/01 6:22,2000.052,STIS,0.2X0.06,E140M,1425,8157,2/14/02 6:22,O5E310010
O5E310020,V836-TAU,75.7775,25.3887778,20,2/14/01 7:08,2/14/01 7:57,2920.082,STIS,0.2X0.06,E140M,1425,8157,2/14/02 7:57,O5E310020
O5E310030,V836-TAU,75.7775,25.3887778,20,2/14/01 8:44,2/14/01 8:51,360.0,STIS,52X0.1,G430L,4300,8157,2/14/02 8:51,O5E310030
O5E310040,V836-TAU,75.7775,25.3887778,20,2/14/01 8:57,2/14/01 9:27,1820.043,STIS,0.2X0.06,E140M,1425,8157,2/14/02 9:27,O5E310040
O5E310050,V836-TAU,75.7775,25.3887778,20,2/14/01 10:21,2/14/01 11:05,2650.153,STIS,0.2X0.06,E140M,1425,8157,2/14/02 11:05,O5E310050
OC2H01010,XYPER,57.4013496,38.9821111,1,10/12/12 17:41,10/12/12 17:45,200.0,STIS,0.2X0.2,G230LB,2375,12996,10/12/13 20:27,OC2H01010
OC2H01020,XYPER,57.4013496,38.9821111,1,10/12/12 17:50,10/12/12 18:17,1613.196,STIS,0.2X0.2,E140M,1425,12996,10/13/13 2:18,OC2H01020
OC2H01030,XYPER,57.4013496,38.9821111,1,10/12/12 19:01,10/12/12 19:47,2752.198,STIS,0.2X0.2,E140M,1425,12996,10/13/13 2:18,OC2H01030
OD7G02010,CD-33-10685,236.3035529,-34.2919083,2,7/26/17 13:47,7/26/17 13:48,60.0,STIS,52X0.2,G430L,4300,14604,7/26/18 22:35,OD7G02010
OD7G02020,CD-33-10685,236.3035529,-34.2919083,2,7/26/17 13:55,7/26/17 14:28,1965.0,STIS,52X0.2,G230L,2376,14604,7/26/18 22:35,OD7G02020
OD7G03010,TYC-7851-810-1,242.1278917,-38.4742417,2,7/29/17 14:57,7/29/17 14:59,60.0,STIS,52X0.2,G430L,4300,14604,7/30/18 2:34,OD7G03010
OD7G03020,TYC-7851-810-1,242.1278917,-38.4742417,2,7/29/17 15:05,7/29/17 15:38,1987.0,STIS,52X0.2,G230L,2376,14604,7/30/18 2:34,OD7G03020
OD7G01010,V-MY-LUP,240.1854583,-41.9253806,2,9/8/17 1:49,9/8/17 1:51,60.0,STIS,52X0.2,G430L,4300,14604,9/8/18 4:22,OD7G01010
OD7G01020,V-MY-LUP,240.1854583,-41.9253806,2,9/8/17 1:57,9/8/17 2:31,2027.0,STIS,52X0.2,G230L,2376,14604,9/8/18 10:43,OD7G01020
