Dataset,Target Name,RA (J2000),Dec (J2000),Ref,Start Time,Stop Time,Exp Time,Instrument,Apertures,Filters/Gratings,Central Wavelength,Proposal ID,Release Date,Preview Name
LB6B16050,V-CS-CHA,165.6049952,-77.5600915,28,6/1/11 20:52,6/1/11 21:04,718.144,COS,PSA,G160M,1623,11616,6/2/12 2:10,LB6B16050
LB6B16040,V-CS-CHA,165.6049952,-77.5600915,28,6/1/11 20:37,6/1/11 20:49,718.176,COS,PSA,G160M,1600,11616,6/2/12 2:08,LB6B16040
LB6B16030,V-CS-CHA,165.6049952,-77.5600915,28,6/1/11 19:41,6/1/11 19:53,718.144,COS,PSA,G160M,1577,11616,6/1/12 22:10,LB6B16030
LB6B16020,V-CS-CHA,165.6049952,-77.5600915,28,6/1/11 19:14,6/1/11 19:37,1177.984,COS,PSA,G130M,1327,11616,6/1/12 22:09,LB6B16020
LB6B16010,V-CS-CHA,165.6049952,-77.5600915,28,6/1/11 17:53,6/1/11 19:11,1177.984,COS,PSA,G130M,1291,11616,6/1/12 22:06,LB6B16010
#LB4P07ESQ,0255035-470050,43.7695532,-47.0160341,3,10/25/09 4:13,10/25/09 4:51,2270,COS,PSA,G140L,1230,11531,10/26/10 18:00,
#LB4P07010,0255035-470050,43.7695533,-47.0160341,3,10/25/09 4:51,10/25/09 11:28,13230.464,COS,PSA,G140L,1230,11531,10/26/10 19:42,LB4P07010
LB4P01010,1207334-393254-KF,181.8893421,-39.5483452,3,12/3/09 6:51,12/3/09 9:17,6229.792,COS,PSA,G140L,1230,11531,12/3/10 17:45,LB4P01010
LB4P01020,1207334-393254-KF,181.8893421,-39.5483452,3,12/3/09 10:02,12/3/09 10:53,3050.176,COS,PSA,G285M,2676,11531,12/3/10 17:35,LB4P01020
LB4P01RQQ,1207334-393254-KF,181.8893421,-39.5483452,3,12/3/09 5:34,12/3/09 6:10,2126,COS,PSA,G160M,1600,11531,12/3/10 7:45,
LB4P01RRQ,1207334-393254-KF,181.8893421,-39.5483452,3,12/3/09 6:11,12/3/09 6:16,299,COS,PSA,G160M,1600,11531,12/3/10 7:45,
LB4P02050,1207334-393254-KF,181.8893418,-39.5483453,3,12/8/09 2:30,12/8/09 2:54,1410.08,COS,PSA,G160M,1600,11531,12/8/10 7:05,LB4P02050
LB4P02060,1207334-393254-KF,181.8893418,-39.5483453,3,12/8/09 3:39,12/8/09 4:28,2975.072,COS,PSA,G160M,1611,11531,12/8/10 7:06,LB4P02060
LB4P02070,1207334-393254-KF,181.8893418,-39.5483453,3,12/8/09 5:15,12/8/09 6:04,2975.104,COS,PSA,G160M,1623,11531,12/8/10 11:39,LB4P02070
LB4P02080,1207334-393254-KF,181.8893418,-39.5483453,3,12/8/09 6:51,12/8/09 7:40,2967.168,COS,PSA,G130M,1291,11531,12/8/10 11:51,LB4P02080
LB4P02090,1207334-393254-KF,181.8893418,-39.5483453,3,12/8/09 8:26,12/8/09 9:16,3000.192,COS,PSA,G130M,1300,11531,12/8/10 11:50,LB4P02090
LB4P020A0,1207334-393254-KF,181.8893418,-39.5483453,3,12/8/09 10:02,12/8/09 10:52,3005.184,COS,PSA,G130M,1309,11531,12/8/10 14:55,LB4P020A0
LB4P02FGQ,1207334-393254-KF,181.8893418,-39.5483453,3,12/8/09 2:06,12/8/09 2:27,1280,COS,PSA,G160M,1600,11531,12/8/10 6:56,
LB4P02FHQ,1207334-393254-KF,181.8893418,-39.5483453,3,12/8/09 2:27,12/8/09 2:32,299,COS,PSA,G160M,1600,11531,12/8/10 6:56,
#LB4P04X6Q,1507476-162738,226.9483662,-16.4634994,3,9/17/09 4:46,9/17/09 5:27,2450,COS,PSA,G140L,1230,11531,9/17/10 17:36,
#LB4P05010,1507476-162738,226.9483575,-16.4635787,3,1/14/10 9:33,1/14/10 14:31,9580.256,COS,PSA,G140L,1230,11531,1/14/11 17:36,LB4P05010
#LB4P05QEQ,1507476-162738,226.9483575,-16.4635787,3,1/14/10 8:56,1/14/10 9:34,2270,COS,PSA,G140L,1230,11531,1/14/11 11:23,
LDMP24010,2MASS-J15570234-1950419,239.2597229,-19.8451305,0,8/2/18 23:50,8/3/18 0:30,2248.288,COS,PSA,G130M,1222,15310,2/3/19 2:54,LDMP24010
LDMP30010,2MASS-J15580815-2405529,239.5338546,-24.098177,0,7/29/18 8:37,7/29/18 9:13,2040.128,COS,PSA,G130M,1222,15310,1/29/19 11:24,LDMP30010
LDMP08010,2MASS-J15584772-1757595,239.6987624,-17.966693,0,8/5/18 10:44,8/5/18 11:19,2008.256,COS,PSA,G130M,1222,15310,2/5/19 15:35,LDMP08010
LDMP21010,2MASS-J16004277-2127380,240.1781112,-21.4606996,0,8/4/18 12:25,8/4/18 13:07,2406.144,COS,PSA,G130M,1222,15310,2/4/19 15:29,LDMP21010
LDMP22010,2MASS-J16010801-2113184,240.2833141,-21.2219104,0,2/23/18 21:04,2/23/18 21:47,2430.048,COS,PSA,G130M,1222,15310,8/24/18 1:57,LDMP22010
LDMP25010,2MASS-J16023910-2542078,240.6628193,-25.702351,0,7/25/18 4:29,7/25/18 5:07,2188.224,COS,PSA,G130M,1222,15310,1/25/19 7:27,LDMP25010
LDMP26010,2MASS-J16025123-2401574,240.7133826,-24.0327516,0,2/14/18 6:58,2/14/18 8:21,2080.096,COS,PSA,G130M,1222,15310,8/14/18 11:48,LDMP26010
LDMP02010,2MASS-J16025243-2402226,240.718386,-24.0396644,0,2/13/18 14:47,2/13/18 15:23,2062.176,COS,PSA,G130M,1222,15310,8/13/18 19:41,LDMP02010
LDMP17010,2MASS-J16025396-2022480,240.7247911,-20.3801121,0,8/4/18 10:53,8/4/18 11:29,2040.064,COS,PSA,G130M,1222,15310,2/4/19 15:29,LDMP17010
LDMP20010,2MASS-J16061254-2036472,241.5522049,-20.6132534,0,2/18/18 17:05,2/18/18 17:46,2400.096,COS,PSA,G130M,1222,15310,8/18/18 23:04,LDMP20010
LDMP09010,2MASS-J16081474-1908327,242.0613804,-19.1425577,0,2/16/18 19:04,2/16/18 19:41,2138.112,COS,PSA,G130M,1222,15310,8/17/18 0:11,LDMP09010
LDMP18010,2MASS-J16085673-2033460,242.2363195,-20.56286,0,2/17/18 17:22,2/17/18 17:56,1940.16,COS,PSA,G130M,1222,15310,8/17/18 19:58,LDMP18010
LDMP15010,2MASS-J16130271-2257446,243.2612677,-22.9624917,0,8/3/18 14:09,8/3/18 14:46,2080.288,COS,PSA,G130M,1222,15310,2/3/19 20:20,LDMP15010
LDMP10010,2MASS-J16132929-2311075,243.3719846,-23.1855668,0,7/28/18 2:14,7/28/18 2:53,2220.352,COS,PSA,G130M,1222,15310,1/28/19 6:31,LDMP10010
LDMP13010,2MASS-J16193396-2228294,244.8914686,-22.4749835,0,8/5/18 12:18,8/5/18 12:57,2250.304,COS,PSA,G130M,1222,15310,2/5/19 15:35,LDMP13010
LDMP29010,2MASS-J16230783-2300596,245.7825542,-23.0167944,0,8/25/18 15:16,8/25/18 15:56,2314.336,COS,PSA,G130M,1222,15310,2/25/19 20:41,LDMP29010
LDMP23010,BD-18-4244,243.1687668,-18.9912966,0,8/2/18 11:10,8/2/18 11:50,2278.24,COS,PSA,G130M,1222,15310,2/2/19 13:09,LDMP23010
LDMP06010,BD-21-4301,243.3273668,-22.2137156,0,2/19/18 20:08,2/19/18 20:50,2400.128,COS,PSA,G130M,1222,15310,8/20/18 2:35,LDMP06010
LDMP04010,CD-22-11315,240.8978453,-22.7657099,0,2/16/18 17:24,2/16/18 18:05,2360.096,COS,PSA,G130M,1222,15310,8/16/18 19:10,LDMP04010
LDMP01010,CD-25-11113,237.337437,-26.0018723,0,7/17/18 10:32,7/17/18 11:13,2358.336,COS,PSA,G130M,1222,15310,1/17/19 15:28,LDMP01010
LCCP02010,CVSO107,83.1074167,-0.6148056,1,12/31/13 19:24,1/1/14 0:22,5031.584,COS,PSA,G160M,1611,13363,1/2/15 15:04,LCCP02010
LCCP02JJQ,CVSO107,83.1074167,-0.6148056,1,12/31/13 19:13,12/31/13 19:18,343,COS,PSA,G160M,1611,13363,1/2/15 14:37,
LCCP02JKQ,CVSO107,83.1074167,-0.6148056,1,12/31/13 19:21,12/31/13 19:21,22,COS,PSA,G160M,1611,13363,1/2/15 14:37,
LCCP03010,CVSO109,83.1360708,-1.2294778,1,1/1/14 17:50,1/1/14 21:01,4231.584,COS,PSA,G160M,1611,13363,1/2/15 17:03,LCCP03010
LCCP03R5Q,CVSO109,83.1360708,-1.2294778,1,1/1/14 17:33,1/1/14 17:46,803,COS,PSA,G160M,1611,13363,1/2/15 16:46,
LCCP03R6Q,CVSO109,83.1360708,-1.2294778,1,1/1/14 17:47,1/1/14 17:48,90,COS,PSA,G160M,1611,13363,1/2/15 16:47,
LCCP01010,CVSO58,82.34693,-1.4209194,1,12/31/13 12:50,12/31/13 14:55,4503.584,COS,PSA,G160M,1611,13363,12/31/14 16:54,LCCP01010
LCCP01IHQ,CVSO58,82.34693,-1.4209194,1,12/31/13 12:29,12/31/13 12:35,310,COS,PSA,G160M,1611,13363,12/31/14 15:33,
LCCP01IIQ,CVSO58,82.34693,-1.4209194,1,12/31/13 12:37,12/31/13 12:37,9,COS,PSA,G160M,1611,13363,12/31/14 15:33,
LCCP04010,CVSO90,82.8359583,-0.8221667,1,1/2/14 15:50,1/2/14 17:21,2097.856,COS,PSA,G160M,1577,13363,1/3/15 17:02,LCCP04010
LCCP04020,CVSO90,82.8359583,-0.8221667,1,1/2/14 17:24,1/2/14 19:15,2598.656,COS,PSA,G160M,1623,13363,1/3/15 17:06,LCCP04020
LCCP04UFQ,CVSO90,82.8359583,-0.8221667,1,1/2/14 15:39,1/2/14 15:44,266,COS,PSA,G160M,1611,13363,1/3/15 16:35,
LCCP04UGQ,CVSO90,82.8359583,-0.8221667,1,1/2/14 15:47,1/2/14 15:47,8,COS,PSA,G160M,1611,13363,1/3/15 16:35,
LBH213010,DQ-TAU,71.7210979,16.9999709,3,2/11/11 12:34,2/11/11 12:38,192,COS,PSA,G230L,2950,12161,2/11/12 13:49,LBH213010
LBH213020,DQ-TAU,71.7210979,16.9999709,3,2/11/11 12:42,2/11/11 13:13,1744.16,COS,PSA,G160M,1577,12161,2/11/12 16:13,LBH213020
LBH214010,DQ-TAU,71.7210979,16.9999709,3,2/15/11 5:52,2/15/11 5:55,192.032,COS,PSA,G230L,2950,12161,2/15/12 16:56,LBH214010
LBH214020,DQ-TAU,71.7210979,16.9999709,3,2/15/11 5:59,2/15/11 6:30,1744.096,COS,PSA,G160M,1577,12161,2/15/12 17:35,LBH214020
LBH215010,DQ-TAU,71.7210979,16.9999708,3,2/19/11 23:27,2/19/11 23:30,192.032,COS,PSA,G230L,2950,12161,2/20/12 2:27,LBH215010
LBH215020,DQ-TAU,71.7210979,16.9999708,3,2/19/11 23:35,2/20/11 0:06,1744.16,COS,PSA,G160M,1577,12161,2/20/12 2:58,LBH215020
LBH216010,DQ-TAU,71.7210979,16.9999708,3,2/22/11 14:03,2/22/11 14:06,192,COS,PSA,G230L,2950,12161,2/22/12 16:09,LBH216010
LBH216020,DQ-TAU,71.7210979,16.9999708,3,2/22/11 14:10,2/22/11 15:38,1744.288,COS,PSA,G160M,1577,12161,2/22/12 23:05,LBH216020
LBH217010,DQ-TAU,71.7210979,16.9999707,3,2/27/11 18:20,2/27/11 18:23,192,COS,PSA,G230L,2950,12161,2/28/12 19:24,LBH217010
LBH217020,DQ-TAU,71.7210979,16.9999707,3,2/27/11 18:28,2/27/11 18:59,1744.192,COS,PSA,G160M,1577,12161,2/28/12 19:55,LBH217020
LBH218010,DQ-TAU,71.7210979,16.9999707,3,3/3/11 0:26,3/3/11 0:29,192,COS,PSA,G230L,2950,12161,3/3/12 2:20,LBH218010
LBH218020,DQ-TAU,71.7210979,16.9999707,3,3/3/11 0:34,3/3/11 1:05,1744.256,COS,PSA,G160M,1577,12161,3/3/12 13:10,LBH218020
LBH219010,DQ-TAU,71.7210979,16.9999706,3,3/7/11 8:27,3/7/11 8:30,192,COS,PSA,G230L,2950,12161,3/7/12 18:58,LBH219010
LBH219020,DQ-TAU,71.7210979,16.9999706,3,3/7/11 8:34,3/7/11 9:06,1744.224,COS,PSA,G160M,1577,12161,3/7/12 19:23,LBH219020
LBH220010,DQ-TAU,71.7210979,16.9999706,3,3/10/11 8:57,3/10/11 9:00,192,COS,PSA,G230L,2950,12161,3/10/12 22:51,LBH220010
LBH220020,DQ-TAU,71.7210979,16.9999706,3,3/10/11 9:46,3/10/11 10:17,1744.256,COS,PSA,G160M,1577,12161,3/10/12 23:27,LBH220020
LBH221010,DQ-TAU,71.7210979,16.9999705,3,3/15/11 17:43,3/15/11 17:46,192,COS,PSA,G230L,2950,12161,3/16/12 21:16,LBH221010
LBH221020,DQ-TAU,71.7210979,16.9999705,3,3/15/11 17:50,3/15/11 18:21,1744.32,COS,PSA,G160M,1577,12161,3/16/12 22:23,LBH221020
LBH222010,DQ-TAU,71.721098,16.9999705,3,3/18/11 8:00,3/18/11 8:03,192,COS,PSA,G230L,2950,12161,3/18/12 11:00,LBH222010
LBH222020,DQ-TAU,71.721098,16.9999705,3,3/18/11 8:07,3/18/11 8:39,1744.192,COS,PSA,G160M,1577,12161,3/18/12 11:28,LBH222020
LBH223010,DQ-TAU,71.721098,16.9999704,3,3/23/11 7:48,3/23/11 7:51,192.032,COS,PSA,G230L,2950,12161,3/23/12 10:39,LBH223010
LBH223020,DQ-TAU,71.721098,16.9999704,3,3/23/11 7:55,3/23/11 8:26,1744.288,COS,PSA,G160M,1577,12161,3/23/12 13:37,LBH223020
LBH224010,DQ-TAU,71.721098,16.9999704,3,3/26/11 13:54,3/26/11 13:57,192,COS,PSA,G230L,2950,12161,3/26/12 23:17,LBH224010
LBH224020,DQ-TAU,71.721098,16.9999704,3,3/26/11 14:01,3/26/11 14:32,1744.256,COS,PSA,G160M,1577,12161,3/26/12 23:46,LBH224020
LB6B03010,EM-LKCA-15,69.824141,22.3508711,25,2/5/10 0:05,2/5/10 0:15,574.976,COS,PSA,G160M,1577,11616,2/5/11 4:51,LB6B03010
LB6B03020,EM-LKCA-15,69.824141,22.3508711,25,2/5/10 0:18,2/5/10 0:28,574.944,COS,PSA,G160M,1600,11616,2/5/11 4:59,LB6B03020
LB6B03030,EM-LKCA-15,69.824141,22.3508711,25,2/5/10 1:13,2/5/10 1:23,574.976,COS,PSA,G160M,1623,11616,2/5/11 5:00,LB6B03030
LB6B03040,EM-LKCA-15,69.824141,22.3508711,25,2/5/10 1:27,2/5/10 1:43,856,COS,PSA,G130M,1291,11616,2/5/11 5:10,LB6B03040
LB6B03050,EM-LKCA-15,69.824141,22.3508711,25,2/5/10 1:46,2/5/10 2:03,856,COS,PSA,G130M,1327,11616,2/5/11 5:10,LB6B03050
LB6B28010,EM-LKCA-19,73.9040214,30.2986031,25,3/30/11 23:21,3/30/11 23:39,972.032,COS,PSA,G130M,1291,11616,3/31/12 4:40,LB6B28010
LB6B28020,EM-LKCA-19,73.9040214,30.2986031,25,3/31/11 0:57,3/31/11 1:17,972.032,COS,PSA,G130M,1327,11616,3/31/12 4:52,LB6B28020
LB6B28030,EM-LKCA-19,73.9040214,30.2986031,25,3/31/11 1:21,3/31/11 1:32,630.112,COS,PSA,G160M,1577,11616,3/31/12 5:02,LB6B28030
LB6B28040,EM-LKCA-19,73.9040214,30.2986031,25,3/31/11 2:33,3/31/11 2:43,630.112,COS,PSA,G160M,1600,11616,3/31/12 5:11,LB6B28040
LB6B28050,EM-LKCA-19,73.9040214,30.2986031,25,3/31/11 2:47,3/31/11 2:57,630.112,COS,PSA,G160M,1623,11616,3/31/12 5:49,LB6B28050
LB6B27010,EM-LKCA-4,64.1171589,28.1265103,25,3/30/11 6:05,3/30/11 6:26,1152,COS,PSA,G130M,1291,11616,3/30/12 12:43,LB6B27010
LB6B27020,EM-LKCA-4,64.1171589,28.1265103,25,3/30/11 6:29,3/30/11 7:28,1152,COS,PSA,G130M,1327,11616,3/30/12 12:57,LB6B27020
LB6B27030,EM-LKCA-4,64.1171589,28.1265103,25,3/30/11 7:32,3/30/11 7:42,600.192,COS,PSA,G160M,1577,11616,3/30/12 13:03,LB6B27030
LB6B27040,EM-LKCA-4,64.1171589,28.1265103,25,3/30/11 7:45,3/30/11 7:55,600.16,COS,PSA,G160M,1600,11616,3/30/12 13:10,LB6B27040
LB6B27050,EM-LKCA-4,64.1171589,28.1265103,25,3/30/11 7:58,3/30/11 8:08,600.128,COS,PSA,G160M,1623,11616,3/30/12 13:16,LB6B27050
LDMP19010,GSC-06208-00834,241.6319775,-20.6065871,0,2/17/18 18:50,2/17/18 19:31,2398.304,COS,PSA,G130M,1222,15310,8/17/18 23:59,LDMP19010
LB6B26010,HBC-427,74.0084279,30.3509012,25,3/29/11 23:42,3/30/11 1:08,1116,COS,PSA,G130M,1291,11616,3/30/12 10:11,LB6B26010
LB6B26020,HBC-427,74.0084279,30.3509012,25,3/30/11 1:11,3/30/11 1:32,1007.04,COS,PSA,G130M,1327,11616,3/30/12 10:37,LB6B26020
LB6B26030,HBC-427,74.0084279,30.3509012,25,3/30/11 2:34,3/30/11 2:45,644.992,COS,PSA,G160M,1577,11616,3/30/12 10:46,LB6B26030
LB6B26040,HBC-427,74.0084279,30.3509012,25,3/30/11 2:48,3/30/11 2:59,645.12,COS,PSA,G160M,1600,11616,3/30/12 10:56,LB6B26040
LB6B26050,HBC-427,74.0084279,30.3509012,25,3/30/11 3:02,3/30/11 3:13,645.088,COS,PSA,G160M,1623,11616,3/30/12 11:10,LB6B26050
LC0M05010,HD-142527,239.1744877,-42.323219,1,1/13/13 21:32,1/13/13 21:40,450.016,COS,PSA,G130M,1291,13032,1/14/14 0:32,LC0M05010
LC0M05020,HD-142527,239.1744877,-42.323219,1,1/13/13 21:43,1/13/13 21:50,450.016,COS,PSA,G130M,1309,13032,1/14/14 0:32,LC0M05020
LC0M05030,HD-142527,239.1744877,-42.323219,1,1/13/13 21:54,1/13/13 22:10,875.04,COS,PSA,G130M,1327,13032,1/14/14 1:16,LC0M05030
LD7I05010,HD142527,239.1745321,-42.3231447,0,2017-01-27 16:25:23,2017-01-27 17:06:17,2320.320,COS,PSA,G160M,1577,14703,2018-01-28 05:57:42,LD7I05010
LD7I05020,HD142527,239.1745321,-42.3231447,0,2017-01-27 17:51:24,2017-01-27 18:41:45,2916.320,COS,PSA,G160M,1611,14703,2018-01-28 06:00:16,LD7I05020
LC0M02010,HD-169142,276.1240631,-29.7806264,1,4/5/13 20:47,4/5/13 20:53,400,COS,PSA,G130M,1291,13032,4/6/14 3:22,LC0M02010
LC0M02020,HD-169142,276.1240631,-29.7806264,1,4/5/13 20:57,4/5/13 21:04,400.032,COS,PSA,G130M,1309,13032,4/6/14 3:22,LC0M02020
LC0M02030,HD-169142,276.1240631,-29.7806264,1,4/5/13 21:07,4/5/13 21:22,760.032,COS,PSA,G130M,1327,13032,4/6/14 3:27,LC0M02030
LC2H06010,HKORI,82.8668833,12.1528472,1,12/6/12 17:26,12/6/12 18:58,1696.064,COS,PSA,G160M,1577,12996,12/7/13 2:38,LC2H06010
LC2H06020,HKORI,82.8668833,12.1528472,1,12/6/12 19:02,12/6/12 20:49,1856.064,COS,PSA,G130M,1291,12996,12/7/13 2:44,LC2H06020
LC2H06030,HKORI,82.8668833,12.1528472,1,12/6/12 20:55,12/6/12 20:58,180.032,COS,PSA,G230L,2950,12996,12/7/13 2:39,LC2H06030
LC2H08010,KKOPH,257.5338792,-27.2552836,1,6/18/13 15:20,6/18/13 16:50,1556.032,COS,PSA,G160M,1577,12996,6/19/14 0:44,LC2H08010
LC2H08020,KKOPH,257.5338792,-27.2552836,1,6/18/13 16:54,6/18/13 18:43,1856,COS,PSA,G130M,1291,12996,6/19/14 1:50,LC2H08020
LC2H08030,KKOPH,257.5338792,-27.2552836,1,6/18/13 18:48,6/18/13 18:51,178.016,COS,PSA,G230L,2950,12996,6/19/14 1:50,LC2H08030
LB6B15010,NAME-RW-AUR-A,76.9562843,30.4013427,25,3/25/11 2:51,3/25/11 3:00,539.008,COS,PSA,G160M,1577,11616,3/25/12 13:34,LB6B15010
LB6B15020,NAME-RW-AUR-A,76.9562843,30.4013427,25,3/25/11 3:03,3/25/11 3:12,538.976,COS,PSA,G160M,1600,11616,3/25/12 13:40,LB6B15020
LB6B15030,NAME-RW-AUR-A,76.9562843,30.4013427,25,3/25/11 3:15,3/25/11 3:24,538.976,COS,PSA,G160M,1623,11616,3/25/12 13:45,LB6B15030
LB6B15040,NAME-RW-AUR-A,76.9562843,30.4013427,25,3/25/11 4:20,3/25/11 4:37,881.92,COS,PSA,G130M,1291,11616,3/25/12 14:12,LB6B15040
LB6B15050,NAME-RW-AUR-A,76.9562843,30.4013427,25,3/25/11 4:40,3/25/11 4:57,882.016,COS,PSA,G130M,1327,11616,3/25/12 14:26,LB6B15050
LB6B15WGQ,NAME-RW-AUR-A,76.9562843,30.4013427,25,3/25/11 1:21,3/25/11 1:33,685,COS,PSA,G230L,3360,11616,3/25/12 13:20,
LB6B15WHQ,NAME-RW-AUR-A,76.9562843,30.4013427,25,3/25/11 1:35,3/25/11 1:40,310,COS,PSA,G285M,2850,11616,3/25/12 13:20,
LB6B15WIQ,NAME-RW-AUR-A,76.9562843,30.4013427,25,3/25/11 1:44,3/25/11 1:44,18,COS,PSA,G285M,2850,11616,3/25/12 13:20,
LB6B13010,NAME-UX-TAU-A,67.5163841,18.2302386,25,12/12/10 13:21,12/12/10 13:37,814.016,COS,PSA,G130M,1291,11616,12/12/11 14:54,LB6B13010
LB6B13020,NAME-UX-TAU-A,67.5163841,18.2302386,25,12/12/10 13:40,12/12/10 14:40,406.976,COS,PSA,G130M,1327,11616,5/24/12 18:30,LB6B13020
LB6B13030,NAME-UX-TAU-A,67.5163841,18.2302386,25,12/12/10 14:44,12/12/10 14:54,647.168,COS,PSA,G160M,1577,11616,12/12/11 21:45,LB6B13030
LB6B13040,NAME-UX-TAU-A,67.5163841,18.2302386,25,12/12/10 14:58,12/12/10 15:08,647.104,COS,PSA,G160M,1600,11616,12/12/11 21:48,LB6B13040
LB6B13050,NAME-UX-TAU-A,67.5163841,18.2302386,25,12/12/10 15:11,12/12/10 15:22,647.2,COS,PSA,G160M,1623,11616,12/12/11 21:51,LB6B13050
LB6B53010,NAME-UX-TAU-A,67.5163874,18.2302318,25,11/10/11 9:39,11/10/11 9:55,813.984,COS,PSA,G130M,1291,11616,11/10/12 17:01,LB6B53010
LB6B53020,NAME-UX-TAU-A,67.5163874,18.2302318,25,11/10/11 9:58,11/10/11 10:57,813.984,COS,PSA,G130M,1327,11616,11/10/12 17:03,LB6B53020
LB6B53030,NAME-UX-TAU-A,67.5163874,18.2302318,25,11/10/11 11:01,11/10/11 11:12,647.168,COS,PSA,G160M,1577,11616,11/10/12 17:03,LB6B53030
LB6B53040,NAME-UX-TAU-A,67.5163874,18.2302318,25,11/10/11 11:15,11/10/11 11:26,647.168,COS,PSA,G160M,1600,11616,11/10/12 17:05,LB6B53040
LB6B53050,NAME-UX-TAU-A,67.5163874,18.2302318,25,11/10/11 11:29,11/10/11 11:40,647.2,COS,PSA,G160M,1623,11616,11/11/12 1:47,LB6B53050
LDMP05010,NAME-V-V1001-SCO-A,242.9968889,-19.1149255,0,2/19/18 7:25,2/19/18 8:06,2316.096,COS,PSA,G130M,1222,15310,8/19/18 12:51,LDMP05010
LCCP06010,OB1A1192,81.44122,1.7639111,1,1/3/14 11:09,1/3/14 13:02,3890.112,COS,PSA,G160M,1611,13363,1/3/15 22:57,LCCP06010
LCCP06ZCQ,OB1A1192,81.44122,1.7639111,1,1/3/14 10:50,1/3/14 11:07,1023,COS,PSA,G160M,1611,13363,1/3/15 19:36,
LCCP06ZDQ,OB1A1192,81.44122,1.7639111,1,1/3/14 11:06,1/3/14 11:07,114,COS,PSA,G160M,1611,13363,1/3/15 19:36,
LCCP07010,OB1A1630,81.73073,1.6729111,1,1/2/14 13:07,1/2/14 14:44,2866.336,COS,PSA,G160M,1611,13363,1/3/15 16:58,LCCP07010
LCCP05010,OB1A776,81.1709958,1.9107111,1,1/3/14 8:10,1/3/14 9:51,3159.424,COS,PSA,G160M,1611,13363,1/3/15 19:48,LCCP05010
LCCP05Z0Q,OB1A776,81.1709958,1.9107111,1,1/3/14 7:37,1/3/14 7:54,977,COS,PSA,G160M,1611,13363,1/3/15 19:36,
LCCP05Z1Q,OB1A776,81.1709958,1.9107111,1,1/3/14 7:56,1/3/14 7:58,144,COS,PSA,G160M,1611,13363,1/3/15 19:36,
LDMP28010,PGZ2001-J161031.9-191305,242.6330782,-19.2184769,0,2/21/18 21:26,2/21/18 22:07,2328.256,COS,PSA,G130M,1222,15310,8/22/18 5:39,LDMP28010
LDMP27010,PZ99-J161019.1-250230,242.5798996,-25.0418478,0,2/16/18 15:54,2/16/18 16:30,2048.128,COS,PSA,G130M,1222,15310,8/16/18 17:32,LDMP27010
LB6B32010,RECX-1,129.2338528,-78.9459296,25,1/22/10 6:40,1/22/10 6:50,619.136,COS,PSA,G160M,1577,11616,1/22/11 9:22,LB6B32010
LB6B32020,RECX-1,129.2338528,-78.9459296,25,1/22/10 6:53,1/22/10 7:04,619.072,COS,PSA,G160M,1600,11616,1/22/11 9:22,LB6B32020
LB6B32030,RECX-1,129.2338528,-78.9459296,25,1/22/10 7:07,1/22/10 7:17,619.072,COS,PSA,G160M,1623,11616,1/22/11 9:23,LB6B32030
LB6B32040,RECX-1,129.2338528,-78.9459296,25,1/22/10 7:53,1/22/10 8:20,1472.384,COS,PSA,G130M,1291,11616,1/22/11 9:52,LB6B32040
LB6B32050,RECX-1,129.2338528,-78.9459296,25,1/22/10 8:23,1/22/10 8:50,1472.32,COS,PSA,G130M,1327,11616,1/22/11 13:16,LB6B32050
LB6B24010,RECX-11,131.7553529,-78.9927948,25,12/12/09 1:13,12/12/09 1:46,1904.384,COS,PSA,G130M,1327,11616,12/12/10 6:36,LB6B24010
LB6B24020,RECX-11,131.7553528,-78.9927948,25,12/12/09 2:15,12/12/09 2:46,1740.352,COS,PSA,G130M,1291,11616,12/12/10 6:47,LB6B24020
LB6B24030,RECX-11,131.7553528,-78.9927948,25,12/12/09 2:49,12/12/09 3:11,1306.176,COS,PSA,G160M,1623,11616,12/12/10 6:46,LB6B24030
LB6B24040,RECX-11,131.7553528,-78.9927948,25,12/12/09 3:50,12/12/09 4:17,1603.168,COS,PSA,G160M,1577,11616,12/12/10 6:47,LB6B24040
LB6B24050,RECX-11,131.7553528,-78.9927948,25,12/12/09 4:20,12/12/09 4:47,1604.16,COS,PSA,G160M,1600,11616,12/12/10 6:47,LB6B24050
LB6B17010,RECX-15,130.8267729,-79.0882437,25,2/5/10 14:57,2/5/10 16:33,2182.368,COS,PSA,G130M,1327,11616,2/5/11 19:47,LB6B17010
LB6B17020,RECX-15,130.8267729,-79.0882437,25,2/5/10 16:36,2/5/10 18:05,1708.32,COS,PSA,G130M,1291,11616,2/5/11 19:48,LB6B17020
LB6B17030,RECX-15,130.8267729,-79.0882437,25,2/5/10 18:09,2/5/10 18:30,1317.12,COS,PSA,G160M,1623,11616,2/5/11 19:58,LB6B17030
LB6B17040,RECX-15,130.8267729,-79.0882437,25,2/5/10 19:26,2/5/10 19:53,1592.192,COS,PSA,G160M,1577,11616,2/5/11 20:51,LB6B17040
LB6B17050,RECX-15,130.8267729,-79.0882437,25,2/5/10 19:56,2/5/10 20:22,1592.192,COS,PSA,G160M,1600,11616,2/6/11 1:06,LB6B17050
LC2H07010,RRTAU,84.8771292,26.3741778,1,12/7/12 15:37,12/7/12 16:14,1847.936,COS,PSA,G160M,1577,12996,12/7/13 18:24,LC2H07010
LC2H07020,RRTAU,84.8771292,26.3741778,1,12/7/12 17:07,12/7/12 17:44,1856,COS,PSA,G130M,1291,12996,12/8/13 2:32,LC2H07020
LC2H07030,RRTAU,84.8771292,26.3741778,1,12/7/12 18:50,12/7/12 18:53,177.984,COS,PSA,G230L,2950,12996,12/7/13 23:56,LC2H07030
LD2VA1010,V-RY-LUP,239.8682258,-40.3643444,3,3/16/16 7:39,3/16/16 9:58,5617.056,COS,PSA,G140L,1280,14469,6/16/16 15:47,LD2VA1010
LD2VA1020,V-RY-LUP,239.8682258,-40.3643444,3,3/16/16 10:43,3/16/16 11:06,1240.256,COS,PSA,G130M,1291,14469,6/16/16 16:32,LD2VA1020
LD2VA1030,V-RY-LUP,239.8682258,-40.3643444,3,3/16/16 11:10,3/16/16 11:33,1240.384,COS,PSA,G130M,1318,14469,6/16/16 16:34,LD2VA1030
LD2VA1040,V-RY-LUP,239.8682258,-40.3643444,3,3/16/16 12:18,3/16/16 12:42,1296.192,COS,PSA,G160M,1577,14469,6/16/16 16:37,LD2VA1040
LD2VA1050,V-RY-LUP,239.8682258,-40.3643444,3,3/16/16 12:45,3/16/16 13:09,1296.256,COS,PSA,G160M,1611,14469,6/16/16 16:37,LD2VA1050
LB6B31010,SCHJ0439016+2336030,69.7568196,23.6007903,25,8/29/10 14:04,8/29/10 14:19,921.088,COS,PSA,G160M,1577,11616,8/29/11 16:40,LB6B31010
LB6B31020,SCHJ0439016+2336030,69.7568196,23.6007903,25,8/29/10 15:05,8/29/10 15:28,1397.152,COS,PSA,G160M,1600,11616,8/29/11 17:10,LB6B31020
LB6B31030,SCHJ0439016+2336030,69.7568196,23.6007903,25,8/29/10 15:31,8/29/10 15:54,1397.12,COS,PSA,G160M,1623,11616,8/30/11 2:33,LB6B31030
LB6B31040,SCHJ0439016+2336030,69.7568196,23.6007903,25,8/29/10 16:41,8/29/10 17:30,2862.336,COS,PSA,G130M,1327,11616,8/30/11 2:40,LB6B31040
LB6B31050,SCHJ0439016+2336030,69.7568196,23.6007903,25,8/29/10 18:17,8/29/10 19:06,2862.368,COS,PSA,G130M,1291,11616,8/30/11 2:44,LB6B31050
#LB6B19010,SZ-102,242.1238029,-39.053118,25,5/29/11 17:33,5/29/11 17:40,0,COS,PSA,G130M,1291,11616,5/25/13 18:30,
#LB6B19020,SZ-102,242.1238029,-39.053118,25,5/29/11 17:44,5/29/11 17:51,0,COS,PSA,G130M,1300,11616,5/25/13 18:30,
#LB6B19030,SZ-102,242.1238029,-39.053118,25,5/29/11 18:37,5/29/11 18:44,0,COS,PSA,G130M,1327,11616,5/25/13 18:30,
#LB6B19040,SZ-102,242.1238029,-39.053118,25,5/29/11 18:48,5/29/11 19:03,0,COS,PSA,G160M,1577,11616,5/25/13 18:30,
#LB6B19050,SZ-102,242.1238029,-39.053118,25,5/29/11 19:06,5/29/11 19:21,0,COS,PSA,G160M,1600,11616,5/25/13 18:30,
#LB6B19060,SZ-102,242.1238029,-39.053118,25,5/29/11 20:12,5/29/11 20:27,0,COS,PSA,G160M,1623,11616,5/25/13 18:30,
LB6B59010,SZ-102,242.1238014,-39.0531197,25,9/17/11 15:46,9/17/11 15:53,464,COS,PSA,G130M,1291,11616,9/18/12 2:21,LB6B59010
LB6B59020,SZ-102,242.1238014,-39.0531197,25,9/17/11 15:57,9/17/11 16:04,464,COS,PSA,G130M,1300,11616,9/18/12 2:22,LB6B59020
LB6B59030,SZ-102,242.1238014,-39.0531197,25,9/17/11 16:08,9/17/11 16:15,464,COS,PSA,G130M,1327,11616,9/18/12 2:23,LB6B59030
LB6B59040,SZ-102,242.1238014,-39.0531197,25,9/17/11 16:19,9/17/11 16:34,882.144,COS,PSA,G160M,1577,11616,9/18/12 2:24,LB6B59040
LB6B59050,SZ-102,242.1238014,-39.0531197,25,9/17/11 17:16,9/17/11 17:31,882.176,COS,PSA,G160M,1600,11616,9/18/12 2:25,LB6B59050
LB6B59060,SZ-102,242.1238014,-39.0531197,25,9/17/11 17:34,9/17/11 17:48,882.144,COS,PSA,G160M,1623,11616,9/18/12 2:26,LB6B59060
LDGX06010,SZ-68,236.3035393,-34.2919192,0,7/30/18 5:15,7/30/18 10:40,10936.32,COS,PSA,G130M,1222,15070,7/30/18 13:54,LDGX06010
LDGXA7010,SZ-68,236.3035393,-34.2919192,0,8/1/18 6:30,8/1/18 8:42,4580.672,COS,PSA,G160M,1589,15070,8/1/18 15:12,LDGXA7010
LC2H09010,TORI,83.9601996,-5.4763417,1,12/6/12 14:03,12/6/12 14:38,1696,COS,PSA,G160M,1577,12996,12/7/13 2:24,LC2H09010
LC2H09020,TORI,83.9601996,-5.4763417,1,12/6/12 15:27,12/6/12 16:04,1856.032,COS,PSA,G130M,1291,12996,12/7/13 2:31,LC2H09020
LC2H09030,TORI,83.9601996,-5.4763417,1,12/6/12 16:09,12/6/12 16:12,180.032,COS,PSA,G230L,2950,12996,12/7/13 2:24,LC2H09030
#LB6B29010,TWA-2,167.3030393,-30.0278094,25,12/7/09 7:07,12/7/09 7:25,954.016,COS,PSA,G130M,1291,11616,12/7/10 17:32,LB6B29010
#LB6B29020,TWA-2,167.3030393,-30.0278094,25,12/7/09 7:28,12/7/09 8:28,953.952,COS,PSA,G130M,1327,11616,12/7/10 17:21,LB6B29020
#LB6B29030,TWA-2,167.3030392,-30.0278094,25,12/7/09 8:32,12/7/09 8:43,642.176,COS,PSA,G160M,1577,11616,12/7/10 17:32,LB6B29030
#LB6B29040,TWA-2,167.3030392,-30.0278094,25,12/7/09 8:46,12/7/09 8:56,642.176,COS,PSA,G160M,1600,11616,12/7/10 17:36,LB6B29040
#LB6B29050,TWA-2,167.3030392,-30.0278094,25,12/7/09 9:00,12/7/09 9:10,642.016,COS,PSA,G160M,1623,11616,12/7/10 17:36,LB6B29050
LB6B30010,TWA-7,160.6247498,-33.6713055,25,5/5/11 6:33,5/5/11 6:51,942.016,COS,PSA,G130M,1291,11616,5/5/12 9:51,LB6B30010
LB6B30020,TWA-7,160.6247498,-33.6713055,25,5/5/11 6:54,5/5/11 8:11,941.984,COS,PSA,G130M,1327,11616,5/5/12 10:05,LB6B30020
LB6B30030,TWA-7,160.6247498,-33.6713055,25,5/5/11 8:15,5/5/11 8:25,637.152,COS,PSA,G160M,1577,11616,5/5/12 11:06,LB6B30030
LB6B30040,TWA-7,160.6247498,-33.6713055,25,5/5/11 8:29,5/5/11 8:39,637.12,COS,PSA,G160M,1600,11616,5/5/12 11:13,LB6B30040
LB6B30050,TWA-7,160.6247498,-33.6713055,25,5/5/11 8:42,5/5/11 8:53,637.152,COS,PSA,G160M,1623,11616,5/5/12 11:19,LB6B30050
LBH201010,UZ-TAU-E,68.1799147,25.8751669,3,2/2/11 14:19,2/2/11 14:22,200.032,COS,PSA,G230L,2950,12161,2/2/12 19:25,LBH201010
LBH201020,UZ-TAU-E,68.1799147,25.8751669,3,2/2/11 14:27,2/2/11 15:01,1944.32,COS,PSA,G160M,1577,12161,2/2/12 19:53,LBH201020
LBH202010,UZ-TAU-E,68.1799152,25.8751669,3,2/6/11 3:47,2/6/11 3:51,200,COS,PSA,G230L,2950,12161,2/6/12 5:36,LBH202010
LBH202020,UZ-TAU-E,68.1799152,25.8751669,3,2/6/11 4:32,2/6/11 5:06,1944.352,COS,PSA,G160M,1577,12161,2/6/12 9:37,LBH202020
LBH203010,UZ-TAU-E,68.1799158,25.8751668,3,2/11/11 14:29,2/11/11 14:33,200,COS,PSA,G230L,2950,12161,2/11/12 22:02,LBH203010
LBH203020,UZ-TAU-E,68.1799159,25.8751668,3,2/11/11 14:37,2/11/11 16:10,1944.288,COS,PSA,G160M,1577,12161,2/11/12 22:35,LBH203020
LBH204010,UZ-TAU-E,68.1799164,25.8751668,3,2/16/11 0:15,2/16/11 0:19,200,COS,PSA,G230L,2950,12161,2/16/12 4:02,LBH204010
LBH204020,UZ-TAU-E,68.1799164,25.8751668,3,2/16/11 1:03,2/16/11 1:37,1944.224,COS,PSA,G160M,1577,12161,2/16/12 6:33,LBH204020
LBH205010,UZ-TAU-E,68.1799171,25.8751668,3,2/21/11 5:45,2/21/11 5:48,200.032,COS,PSA,G230L,2950,12161,2/21/12 8:45,LBH205010
LBH205020,UZ-TAU-E,68.1799171,25.8751668,3,2/21/11 5:53,2/21/11 6:27,1944.288,COS,PSA,G160M,1577,12161,2/21/12 10:37,LBH205020
LBH206010,UZ-TAU-E,68.1799176,25.8751667,3,2/25/11 7:11,2/25/11 7:14,200,COS,PSA,G230L,2950,12161,2/25/12 11:21,LBH206010
LBH206020,UZ-TAU-E,68.1799176,25.8751667,3,2/25/11 7:18,2/25/11 7:53,1944.32,COS,PSA,G160M,1577,12161,2/25/12 11:52,LBH206020
LBH207010,UZ-TAU-E,68.1799183,25.8751667,3,3/3/11 2:08,3/3/11 2:12,200,COS,PSA,G230L,2950,12161,3/3/12 12:43,LBH207010
LBH207020,UZ-TAU-E,68.1799183,25.8751667,3,3/3/11 2:16,3/3/11 2:51,1944.288,COS,PSA,G160M,1577,12161,3/3/12 13:25,LBH207020
LBH208010,UZ-TAU-E,68.1799188,25.8751667,3,3/6/11 22:40,3/6/11 22:43,0,COS,PSA,G230L,2950,12161,3/7/12 13:26,
LBH208020,UZ-TAU-E,68.1799188,25.8751667,3,3/6/11 22:48,3/6/11 23:22,1944.288,COS,PSA,G160M,1577,12161,3/7/12 16:42,LBH208020
LBH209010,UZ-TAU-E,68.1799196,25.8751666,3,3/12/11 22:35,3/12/11 22:38,0,COS,PSA,G230L,2950,12161,3/13/12 2:56,
LBH209020,UZ-TAU-E,68.1799196,25.8751666,3,3/12/11 22:43,3/13/11 0:18,1944.352,COS,PSA,G160M,1577,12161,3/13/12 10:16,LBH209020
LBH210010,UZ-TAU-E,68.17992,25.8751666,3,3/16/11 4:48,3/16/11 4:51,200.032,COS,PSA,G230L,2950,12161,3/16/12 21:23,LBH210010
LBH210020,UZ-TAU-E,68.17992,25.8751666,3,3/16/11 4:56,3/16/11 5:30,1944.352,COS,PSA,G160M,1577,12161,3/16/12 22:52,LBH210020
LBH211010,UZ-TAU-E,68.1799208,25.8751666,3,3/22/11 12:24,3/22/11 12:28,200,COS,PSA,G230L,2950,12161,3/22/12 21:20,LBH211010
LBH211020,UZ-TAU-E,68.1799208,25.8751666,3,3/22/11 12:32,3/22/11 13:07,1944.288,COS,PSA,G160M,1577,12161,3/22/12 21:58,LBH211020
LBH212010,UZ-TAU-E,68.1799212,25.8751666,3,3/25/11 23:37,3/25/11 23:40,200,COS,PSA,G230L,2950,12161,3/26/12 1:50,LBH212010
LBH212020,UZ-TAU-E,68.1799212,25.8751666,3,3/25/11 23:44,3/26/11 1:21,1944.16,COS,PSA,G160M,1577,12161,3/26/12 2:46,LBH212020
LBH225010,UZ-TAU-E,68.1799232,25.8751665,3,4/10/11 7:09,4/10/11 7:13,200,COS,PSA,G230L,2950,12161,4/10/12 11:58,LBH225010
LBH225020,UZ-TAU-E,68.1799232,25.8751665,3,4/10/11 7:17,4/10/11 7:52,1944.384,COS,PSA,G160M,1577,12161,4/10/12 12:34,LBH225020
LBH226010,UZ-TAU-E,68.179922,25.8751665,3,4/1/11 1:01,4/1/11 1:04,200,COS,PSA,G230L,2950,12161,4/1/12 4:20,LBH226010
LBH226020,UZ-TAU-E,68.179922,25.8751665,3,4/1/11 1:08,4/1/11 1:43,1944.256,COS,PSA,G160M,1577,12161,4/1/12 4:48,LBH226020
LB6B07010,V-AA-TAU,68.7309275,24.4813355,25,1/6/11 20:30,1/6/11 20:54,1418.176,COS,PSA,G160M,1577,11616,1/7/12 0:59,LB6B07010
LB6B07020,V-AA-TAU,68.7309275,24.4813355,25,1/6/11 21:40,1/6/11 22:03,1387.168,COS,PSA,G160M,1600,11616,1/7/12 1:02,LB6B07020
LB6B07030,V-AA-TAU,68.7309275,24.4813355,25,1/6/11 22:06,1/6/11 22:29,1387.136,COS,PSA,G160M,1623,11616,1/7/12 1:05,LB6B07030
LB6B07040,V-AA-TAU,68.7309275,24.4813355,25,1/6/11 23:15,1/7/11 0:05,2844.32,COS,PSA,G130M,1327,11616,1/7/12 4:11,LB6B07040
LB6B07050,V-AA-TAU,68.7309275,24.4813355,25,1/7/11 0:51,1/7/11 1:41,2844.352,COS,PSA,G130M,1291,11616,1/7/12 4:18,LB6B07050
LBZ401010,V-AA-TAU,68.7309397,24.4813798,4,2/5/13 3:37,2/5/13 8:52,10555.616,COS,PSA,G130M,1222,12876,2/5/14 14:43,LBZ401010
LBZ402010,V-AA-TAU,68.7309397,24.4813798,4,2/5/13 22:46,2/6/13 2:24,7597.376,COS,PSA,G130M,1222,12876,2/6/14 4:51,LBZ402010
LBZ402020,V-AA-TAU,68.7309397,24.4813798,4,2/6/13 3:11,2/6/13 4:00,2956.16,COS,PSA,G160M,1577,12876,2/6/14 8:12,LBZ402020
LBZ402030,V-AA-TAU,68.7309397,24.4813798,4,2/6/13 4:46,2/6/13 5:10,1400.192,COS,PSA,G160M,1589,12876,2/6/14 8:15,LBZ402030
LBZ402040,V-AA-TAU,68.7309397,24.4813798,4,2/6/13 5:13,2/6/13 5:36,1384.128,COS,PSA,G160M,1611,12876,2/6/14 8:18,LBZ402040
LBZ402050,V-AA-TAU,68.7309397,24.4813798,4,2/6/13 6:22,2/6/13 7:11,2958.176,COS,PSA,G160M,1623,12876,2/6/14 10:54,LBZ402050
LDGX01010,V-AA-TAU,68.7309415,24.4813554,0,2/5/19 2:20,2/5/19 9:09,12780.608,COS,PSA,G130M,1222,15070,2/5/19 14:10,LDGX01010
LDGXA2010,V-AA-TAU,68.7309415,24.4813553,0,2/6/19 5:22,2/6/19 5:48,1389.312,COS,PSA,G160M,1589,15070,2/6/19 11:16,LDGXA2010
LDGXA2020,V-AA-TAU,68.7309415,24.4813553,0,2/6/19 6:37,2/6/19 7:23,2416.352,COS,PSA,G160M,1577,15070,2/6/19 11:21,LDGXA2020
LCA603010,V-AK-SCO,253.6868265,-36.8886117,2,8/5/14 10:52,8/5/14 11:08,1000.192,COS,PSA,G130M,1309,13372,8/6/15 0:40,LCA603010
LCA603020,V-AK-SCO,253.6868265,-36.8886117,2,8/5/14 11:12,8/5/14 11:33,1260.16,COS,PSA,G160M,1589,13372,8/6/15 0:41,LCA603020
LCA603030,V-AK-SCO,253.6868265,-36.8886117,2,8/5/14 12:27,8/5/14 12:56,1600.32,COS,PSA,G160M,1600,13372,8/6/15 0:47,LCA603030
LCA603040,V-AK-SCO,253.6868265,-36.8886117,2,8/5/14 12:59,8/5/14 13:17,1037.184,COS,PSA,G130M,1300,13372,8/6/15 0:45,LCA603040
LCA603050,V-AK-SCO,253.6868265,-36.8886117,2,8/5/14 14:03,8/5/14 14:31,1600.288,COS,PSA,G160M,1611,13372,8/6/15 0:51,LCA603050
LCA603060,V-AK-SCO,253.6868265,-36.8886117,2,8/5/14 14:35,8/5/14 14:52,1035.2,COS,PSA,G130M,1291,13372,8/6/15 0:49,LCA603060
LCA603070,V-AK-SCO,253.6868265,-36.8886117,2,8/5/14 15:38,8/5/14 16:07,1600.384,COS,PSA,G160M,1611,13372,8/6/15 0:56,LCA603070
LCA603080,V-AK-SCO,253.6868265,-36.8886117,2,8/5/14 16:11,8/5/14 16:28,1035.2,COS,PSA,G130M,1318,13372,8/6/15 0:54,LCA603080
LCA603090,V-AK-SCO,253.6868265,-36.8886117,2,8/5/14 17:14,8/5/14 17:42,1600.384,COS,PSA,G160M,1600,13372,8/6/15 0:59,LCA603090
LCA6030A0,V-AK-SCO,253.6868265,-36.8886117,2,8/5/14 17:46,8/5/14 18:03,1035.2,COS,PSA,G130M,1309,13372,8/6/15 1:00,LCA6030A0
LCA6030B0,V-AK-SCO,253.6868265,-36.8886117,2,8/5/14 18:49,8/5/14 19:18,1600.32,COS,PSA,G160M,1589,13372,8/6/15 1:04,LCA6030B0
LCA6030C0,V-AK-SCO,253.6868265,-36.8886117,2,8/5/14 19:22,8/5/14 19:39,1035.2,COS,PSA,G130M,1300,13372,8/6/15 1:02,LCA6030C0
LCA6030D0,V-AK-SCO,253.6868265,-36.8886117,2,8/5/14 20:25,8/5/14 20:53,1600.352,COS,PSA,G160M,1611,13372,8/6/15 1:09,LCA6030D0
LCA6030E0,V-AK-SCO,253.6868265,-36.8886117,2,8/5/14 20:57,8/5/14 21:14,1035.168,COS,PSA,G130M,1309,13372,8/6/15 1:07,LCA6030E0
LBGJ01050,V-BP-TAU,64.815985,29.1073535,11,9/9/11 10:25,9/9/11 10:44,1150.176,COS,PSA,G130M,1291,12036,9/9/12 14:04,LBGJ01050
LBGJ01060,V-BP-TAU,64.815985,29.1073535,11,9/9/11 11:52,9/9/11 12:11,1190.208,COS,PSA,G130M,1300,12036,9/9/12 19:42,LBGJ01060
LBGJ01070,V-BP-TAU,64.815985,29.1073535,11,9/9/11 13:26,9/9/11 13:50,1397.184,COS,PSA,G130M,1309,12036,9/9/12 19:43,LBGJ01070
LBGJ01080,V-BP-TAU,64.815985,29.1073535,11,9/9/11 15:03,9/9/11 15:27,1396.192,COS,PSA,G130M,1318,12036,9/9/12 19:45,LBGJ01080
LBGJ01090,V-BP-TAU,64.815985,29.1073535,11,9/9/11 16:40,9/9/11 17:02,1339.168,COS,PSA,G160M,1589,12036,9/9/12 19:46,LBGJ01090
LBGJ010A0,V-BP-TAU,64.815985,29.1073535,11,9/9/11 17:05,9/9/11 17:27,1340.16,COS,PSA,G160M,1600,12036,9/9/12 19:47,LBGJ010A0
LBGJ010B0,V-BP-TAU,64.815985,29.1073535,11,9/9/11 18:15,9/9/11 18:38,1354.176,COS,PSA,G160M,1611,12036,9/9/12 19:49,LBGJ010B0
LBGJ010C0,V-BP-TAU,64.815985,29.1073535,11,9/9/11 18:41,9/9/11 19:03,1365.184,COS,PSA,G160M,1623,12036,9/9/12 23:45,LBGJ010C0
LBGJ01Z2Q,V-BP-TAU,64.815985,29.1073535,11,9/9/11 10:17,9/9/11 10:19,119,COS,PSA,G130M,1309,12036,9/9/12 11:46,
LBGJ01Z3Q,V-BP-TAU,64.815985,29.1073535,11,9/9/11 10:22,9/9/11 10:22,2,COS,PSA,G130M,1309,12036,9/9/12 11:47,
LB6B16010,V-CS-CHA,165.6049952,-77.5600915,25,6/1/11 17:53,6/1/11 19:11,1177.984,COS,PSA,G130M,1291,11616,6/1/12 22:06,LB6B16010
LB6B16020,V-CS-CHA,165.6049952,-77.5600915,25,6/1/11 19:14,6/1/11 19:37,1177.984,COS,PSA,G130M,1327,11616,6/1/12 22:09,LB6B16020
LB6B16030,V-CS-CHA,165.6049952,-77.5600915,25,6/1/11 19:41,6/1/11 19:53,718.144,COS,PSA,G160M,1577,11616,6/1/12 22:10,LB6B16030
LB6B16040,V-CS-CHA,165.6049952,-77.5600915,25,6/1/11 20:37,6/1/11 20:49,718.176,COS,PSA,G160M,1600,11616,6/2/12 2:08,LB6B16040
LB6B16050,V-CS-CHA,165.6049952,-77.5600915,25,6/1/11 20:52,6/1/11 21:04,718.144,COS,PSA,G160M,1623,11616,6/2/12 2:10,LB6B16050
LDGX03010,V-CW-TAU,63.5709318,28.1825962,0,12/15/17 17:30,12/16/17 0:16,12546.528,COS,PSA,G130M,1222,15070,12/16/17 12:04,LDGX03010
LDGX05010,V-CW-TAU,63.5709319,28.1825961,0,12/16/17 9:23,12/16/17 10:46,1350.016,COS,PSA,G160M,1589,15070,12/17/17 3:18,LDGX05010
LDGX05020,V-CW-TAU,63.5709319,28.1825961,0,12/16/17 10:50,12/16/17 12:21,2199.584,COS,PSA,G160M,1577,15070,12/17/17 3:22,LDGX05020
LB6B08010,V-DE-TAU,65.4820254,27.9183629,25,8/20/10 12:23,8/20/10 13:47,1033.984,COS,PSA,G130M,1291,11616,8/20/11 15:32,LB6B08010
LB6B08020,V-DE-TAU,65.4820254,27.9183629,25,8/20/10 13:50,8/20/10 14:09,1033.984,COS,PSA,G130M,1327,11616,8/20/11 18:24,LB6B08020
LB6B08030,V-DE-TAU,65.4820254,27.9183629,25,8/20/10 15:14,8/20/10 15:24,617.152,COS,PSA,G160M,1577,11616,8/20/11 18:25,LB6B08030
LB6B08040,V-DE-TAU,65.4820254,27.9183629,25,8/20/10 15:27,8/20/10 15:38,617.184,COS,PSA,G160M,1600,11616,8/20/11 18:28,LB6B08040
LB6B08050,V-DE-TAU,65.4820254,27.9183629,25,8/20/10 15:41,8/20/10 15:51,617.088,COS,PSA,G160M,1623,11616,8/20/11 18:30,LB6B08050
LB3Q02030,V-DF-TAU,66.7616919,25.7061293,18,1/11/10 7:10,1/11/10 7:26,1000.192,COS,PSA,G130M,1291,11533,1/11/11 23:47,LB3Q02030
LB3Q02040,V-DF-TAU,66.7616919,25.7061293,18,1/11/10 8:20,1/11/10 8:37,1001.216,COS,PSA,G130M,1300,11533,1/11/11 23:47,LB3Q02040
LB3Q02050,V-DF-TAU,66.7616919,25.7061293,18,1/11/10 8:40,1/11/10 9:04,1410.208,COS,PSA,G130M,1309,11533,1/11/11 23:49,LB3Q02050
LB3Q02060,V-DF-TAU,66.7616919,25.7061293,18,1/11/10 9:56,1/11/10 10:19,1416.192,COS,PSA,G130M,1318,11533,1/11/11 23:51,LB3Q02060
LB3Q02070,V-DF-TAU,66.7616919,25.7061293,18,1/11/10 10:24,1/11/10 10:48,1408.192,COS,PSA,G160M,1589,11533,1/11/11 23:52,LB3Q02070
LB3Q02080,V-DF-TAU,66.7616919,25.7061293,18,1/11/10 11:32,1/11/10 11:55,1408.192,COS,PSA,G160M,1600,11533,1/11/11 23:53,LB3Q02080
LB3Q02090,V-DF-TAU,66.7616919,25.7061293,18,1/11/10 12:00,1/11/10 12:23,1408.192,COS,PSA,G160M,1611,11533,1/11/11 18:57,LB3Q02090
LB3Q020A0,V-DF-TAU,66.7616919,25.7061293,18,1/11/10 13:07,1/11/10 13:29,1324.192,COS,PSA,G160M,1623,11533,1/12/11 18:23,LB3Q020A0
LB6B12010,V-DK-TAU,67.684378,26.0234673,25,2/4/10 19:11,2/4/10 19:26,791.968,COS,PSA,G130M,1291,11616,2/5/11 0:35,LB6B12010
LB6B12020,V-DK-TAU,67.684378,26.0234673,25,2/4/10 19:29,2/4/10 20:32,793.024,COS,PSA,G130M,1327,11616,2/5/11 0:36,LB6B12020
LB6B12030,V-DK-TAU,67.684378,26.0234673,25,2/4/10 20:36,2/4/10 20:47,657.12,COS,PSA,G160M,1577,11616,2/5/11 0:36,LB6B12030
LB6B12040,V-DK-TAU,67.684378,26.0234673,25,2/4/10 20:50,2/4/10 21:01,657.152,COS,PSA,G160M,1600,11616,2/5/11 0:36,LB6B12040
LB6B12050,V-DK-TAU,67.684378,26.0234673,25,2/4/10 21:04,2/4/10 21:15,657.12,COS,PSA,G160M,1623,11616,2/5/11 4:50,LB6B12050
LB6B02010,V-DM-TAU,68.4530741,18.1693595,25,8/22/10 15:19,8/22/10 15:51,1812.384,COS,PSA,G130M,1327,11616,8/22/11 20:38,LB6B02010
LB6B02020,V-DM-TAU,68.4530741,18.1693595,25,8/22/10 16:50,8/22/10 17:20,1646.336,COS,PSA,G130M,1291,11616,8/22/11 20:43,LB6B02020
LB6B02030,V-DM-TAU,68.4530741,18.1693595,25,8/22/10 17:23,8/22/10 17:40,978.176,COS,PSA,G160M,1577,11616,8/22/11 20:43,LB6B02030
LB6B02040,V-DM-TAU,68.4530741,18.1693595,25,8/22/10 18:26,8/22/10 18:49,1396.128,COS,PSA,G160M,1600,11616,8/22/11 20:46,LB6B02040
LB6B02050,V-DM-TAU,68.4530741,18.1693595,25,8/22/10 18:52,8/22/10 19:16,1396.16,COS,PSA,G160M,1623,11616,8/22/11 20:47,LB6B02050
LB6B04010,V-DN-TAU,68.8643395,24.2497512,25,9/10/11 15:38,9/10/11 16:49,1252.32,COS,PSA,G130M,1327,11616,9/11/12 1:49,LB6B04010
LB6B04020,V-DN-TAU,68.8643395,24.2497512,25,9/10/11 16:52,9/10/11 17:22,1651.36,COS,PSA,G130M,1291,11616,9/11/12 1:52,LB6B04020
LB6B04030,V-DN-TAU,68.8643395,24.2497512,25,9/10/11 18:14,9/10/11 18:30,965.12,COS,PSA,G160M,1623,11616,9/11/12 1:53,LB6B04030
LB6B04040,V-DN-TAU,68.8643395,24.2497512,25,9/10/11 18:34,9/10/11 18:57,1387.136,COS,PSA,G160M,1577,11616,9/11/12 1:54,LB6B04040
LB6B04050,V-DN-TAU,68.8643395,24.2497512,25,9/10/11 19:50,9/10/11 20:13,1387.168,COS,PSA,G160M,1600,11616,9/11/12 1:56,LB6B04050
LB6B14010,V-DR-TAU,71.7759354,16.9785003,25,2/15/10 11:08,2/15/10 11:18,582.016,COS,PSA,G160M,1577,11616,2/15/11 17:29,LB6B14010
LB6B14020,V-DR-TAU,71.7759354,16.9785003,25,2/15/10 12:04,2/15/10 12:14,581.952,COS,PSA,G160M,1600,11616,2/15/11 17:29,LB6B14020
LB6B14030,V-DR-TAU,71.7759354,16.9785003,25,2/15/10 12:17,2/15/10 12:27,581.984,COS,PSA,G160M,1623,11616,2/15/11 17:29,LB6B14030
LB6B14040,V-DR-TAU,71.7759354,16.9785003,25,2/15/10 12:31,2/15/10 12:47,851.936,COS,PSA,G130M,1291,11616,2/15/11 17:40,LB6B14040
LB6B14050,V-DR-TAU,71.7759354,16.9785003,25,2/15/10 13:40,2/15/10 13:56,852.032,COS,PSA,G130M,1327,11616,2/15/11 17:40,LB6B14050
#LBZ403010,V-ET-CHA,130.8268564,-79.088281,4,7/13/13 15:26,7/13/13 20:48,0,COS,PSA,G130M,1222,12876,7/14/14 0:00,
#LBZ403020,V-ET-CHA,130.8268564,-79.088281,4,7/13/13 21:28,7/13/13 21:53,0,COS,PSA,G160M,1577,12876,7/14/14 1:34,
#LBZ403030,V-ET-CHA,130.8268564,-79.088281,4,7/13/13 21:56,7/13/13 22:23,0,COS,PSA,G160M,1589,12876,7/14/14 1:36,
#LBZ403040,V-ET-CHA,130.8268564,-79.088281,4,7/13/13 23:03,7/13/13 23:28,0,COS,PSA,G160M,1611,12876,7/14/14 1:38,
#LBZ403050,V-ET-CHA,130.8268564,-79.088281,4,7/13/13 23:31,7/13/13 23:59,0,COS,PSA,G160M,1623,12876,7/14/14 1:39,
LBZ453010,V-ET-CHA,130.8268637,-79.0882803,4,9/21/13 6:16,9/21/13 11:31,12181.728,COS,PSA,G130M,1222,12876,9/21/14 17:41,LBZ453010
LBZ453020,V-ET-CHA,130.8268637,-79.0882803,4,9/21/13 12:11,9/21/13 12:36,1500.16,COS,PSA,G160M,1577,12876,9/21/14 17:36,LBZ453020
LBZ453030,V-ET-CHA,130.8268637,-79.0882803,4,9/21/13 12:39,9/21/13 13:07,1661.152,COS,PSA,G160M,1589,12876,9/21/14 17:42,LBZ453030
LBZ453040,V-ET-CHA,130.8268637,-79.0882803,4,9/21/13 13:47,9/21/13 14:12,1500.16,COS,PSA,G160M,1611,12876,9/21/14 17:43,LBZ453040
LBZ453050,V-ET-CHA,130.8268637,-79.0882803,4,9/21/13 14:15,9/21/13 14:42,1663.168,COS,PSA,G160M,1623,12876,9/21/14 17:44,LBZ453050
#LB6B10010,V-FM-TAU,63.5565122,28.2135672,25,9/21/11 13:33,9/21/11 13:56,0,COS,PSA,G160M,1577,11616,5/25/13 18:30,
#LB6B10020,V-FM-TAU,63.5565122,28.2135672,25,9/21/11 14:41,9/21/11 15:05,0,COS,PSA,G160M,1600,11616,5/25/13 18:30,
#LB6B10030,V-FM-TAU,63.5565122,28.2135672,25,9/21/11 15:08,9/21/11 15:31,0,COS,PSA,G160M,1623,11616,5/25/13 18:30,
#LB6B10040,V-FM-TAU,63.5565122,28.2135672,25,9/21/11 16:17,9/21/11 17:07,0,COS,PSA,G130M,1327,11616,5/25/13 18:30,
#LB6B10050,V-FM-TAU,63.5565122,28.2135672,25,9/21/11 17:53,9/21/11 18:43,0,COS,PSA,G130M,1291,11616,5/25/13 18:30,
LB6B01010,V-GM-AUR,73.7957459,30.3664218,25,8/19/10 14:07,8/19/10 15:26,1064.032,COS,PSA,G130M,1291,11616,8/19/11 23:44,LB6B01010
LB6B01020,V-GM-AUR,73.7957459,30.3664218,25,8/19/10 15:30,8/19/10 15:51,1064,COS,PSA,G130M,1327,11616,8/20/11 0:14,LB6B01020
LB6B01030,V-GM-AUR,73.7957459,30.3664218,25,8/19/10 16:53,8/19/10 17:04,620.192,COS,PSA,G160M,1577,11616,8/20/11 0:00,LB6B01030
LB6B01040,V-GM-AUR,73.7957459,30.3664218,25,8/19/10 17:07,8/19/10 17:17,620.192,COS,PSA,G160M,1600,11616,8/20/11 0:03,LB6B01040
LB6B01050,V-GM-AUR,73.7957459,30.3664218,25,8/19/10 17:20,8/19/10 17:31,620.192,COS,PSA,G160M,1623,11616,8/20/11 0:07,LB6B01050
LDGX13010,V-HK-ORI,82.866872,12.1528528,0,3/10/18 7:05,3/10/18 10:48,7758.592,COS,PSA,G130M,1222,15070,3/10/18 14:36,LDGX13010
LDGXA4010,V-HK-ORI,82.866872,12.1528528,0,3/11/18 6:55,3/11/18 7:25,1376.096,COS,PSA,G160M,1577,15070,3/11/18 13:44,LDGXA4010
LB6B09010,V-HN-TAU,68.4140616,17.8644739,25,2/10/10 12:49,2/10/10 14:08,1736.352,COS,PSA,G160M,1577,11616,2/10/11 17:30,LB6B09010
LB6B09020,V-HN-TAU,68.4140616,17.8644739,25,2/10/10 14:11,2/10/10 14:35,1396.16,COS,PSA,G160M,1600,11616,2/10/11 17:30,LB6B09020
LB6B09030,V-HN-TAU,68.4140616,17.8644739,25,2/10/10 15:32,2/10/10 15:55,1396.16,COS,PSA,G160M,1623,11616,2/11/11 0:56,LB6B09030
LB6B09040,V-HN-TAU,68.4140616,17.8644739,25,2/10/10 17:01,2/10/10 17:50,2862.368,COS,PSA,G130M,1327,11616,2/11/11 1:06,LB6B09040
LB6B09050,V-HN-TAU,68.4140616,17.8644739,25,2/10/10 18:37,2/10/10 19:26,2862.368,COS,PSA,G130M,1291,11616,2/11/11 1:07,LB6B09050
LB6B05010,V-IP-TAU,66.2381014,27.199009,25,3/21/11 8:11,3/21/11 8:31,1179.136,COS,PSA,G160M,1577,11616,3/21/12 10:02,LB6B05010
LB6B05020,V-IP-TAU,66.2381014,27.199009,25,3/21/11 9:15,3/21/11 9:31,972.192,COS,PSA,G160M,1600,11616,3/21/12 11:00,LB6B05020
LB6B05030,V-IP-TAU,66.2381014,27.199009,25,3/21/11 9:34,3/21/11 9:50,972.128,COS,PSA,G160M,1623,11616,3/21/12 11:05,LB6B05030
LB6B05040,V-IP-TAU,66.2381014,27.199009,25,3/21/11 9:54,3/21/11 11:04,1439.36,COS,PSA,G130M,1291,11616,3/21/12 12:39,LB6B05040
LB6B05050,V-IP-TAU,66.2381014,27.199009,25,3/21/11 11:08,3/21/11 11:40,1852.384,COS,PSA,G130M,1327,11616,3/21/12 15:55,LB6B05050
LBGJ02040,V-RU-LUPI,239.1762556,-37.8210382,11,7/20/11 7:01,7/20/11 7:09,489.152,COS,PSA,G130M,1291,12036,7/20/12 19:09,LBGJ02040
LBGJ02050,V-RU-LUPI,239.1762556,-37.8210382,11,7/20/11 7:24,7/20/11 7:34,572.16,COS,PSA,G130M,1300,12036,7/20/12 19:08,LBGJ02050
LBGJ02060,V-RU-LUPI,239.1762556,-37.8210382,11,7/20/11 8:25,7/20/11 8:26,64.064,COS,PSA,G130M,1309,12036,7/20/12 19:09,LBGJ02060
LBGJ02070,V-RU-LUPI,239.1762556,-37.8210382,11,7/20/11 8:51,7/20/11 9:14,0,COS,PSA,G130M,1318,12036,5/25/13 18:30,
LBGJ02080,V-RU-LUPI,239.1762556,-37.8210382,11,7/20/11 10:02,7/20/11 10:11,574.144,COS,PSA,G160M,1589,12036,7/21/12 17:47,LBGJ02080
LBGJ02090,V-RU-LUPI,239.1762556,-37.8210382,11,7/20/11 10:27,7/20/11 10:28,55.136,COS,PSA,G160M,1600,12036,7/21/12 17:47,LBGJ02090
LBGJ020A0,V-RU-LUPI,239.1762556,-37.8210382,11,7/20/11 11:37,7/20/11 12:00,1381.184,COS,PSA,G160M,1611,12036,7/21/12 17:47,LBGJ020A0
LBGJ020B0,V-RU-LUPI,239.1762556,-37.8210382,11,7/20/11 12:03,7/20/11 12:20,1003.104,COS,PSA,G160M,1623,12036,7/21/12 17:47,LBGJ020B0
LBGJ02TOQ,V-RU-LUPI,239.1762556,-37.8210382,11,7/20/11 6:53,7/20/11 6:55,116,COS,PSA,G130M,1309,12036,7/20/12 18:52,
LBGJ02TPQ,V-RU-LUPI,239.1762556,-37.8210382,11,7/20/11 6:56,7/20/11 6:56,3,COS,PSA,G130M,1309,12036,7/20/12 18:52,
LBGJ53040,V-RU-LUPI,239.1762533,-37.8210421,11,2/28/12 15:41,2/28/12 16:01,1199.168,COS,PSA,G130M,1291,12036,2/28/13 0:08,LBGJ53040
LBGJ53050,V-RU-LUPI,239.1762533,-37.8210421,11,2/28/12 16:04,2/28/12 16:24,1183.2,COS,PSA,G130M,1300,12036,2/28/13 0:09,LBGJ53050
LBGJ53060,V-RU-LUPI,239.1762533,-37.8210421,11,2/28/12 17:07,2/28/12 17:30,1380.192,COS,PSA,G130M,1309,12036,2/28/13 0:10,LBGJ53060
LBGJ53070,V-RU-LUPI,239.1762533,-37.8210421,11,2/28/12 17:33,2/28/12 17:56,1383.168,COS,PSA,G130M,1318,12036,2/28/13 0:12,LBGJ53070
LBGJ53080,V-RU-LUPI,239.1762533,-37.8210421,11,2/28/12 18:44,2/28/12 19:07,1361.216,COS,PSA,G160M,1589,12036,2/28/13 0:14,LBGJ53080
LBGJ53090,V-RU-LUPI,239.1762533,-37.8210421,11,2/28/12 19:10,2/28/12 19:32,1362.208,COS,PSA,G160M,1600,12036,2/28/13 0:15,LBGJ53090
LBGJ530A0,V-RU-LUPI,239.1762533,-37.8210421,11,2/28/12 20:19,2/28/12 20:42,1381.184,COS,PSA,G160M,1611,12036,2/28/13 0:16,LBGJ530A0
LBGJ530B0,V-RU-LUPI,239.1762533,-37.8210421,11,2/28/12 20:45,2/28/12 21:08,1382.176,COS,PSA,G160M,1623,12036,2/28/13 0:18,LBGJ530B0
LBGJ53LHQ,V-RU-LUPI,239.1762533,-37.8210421,11,2/28/12 15:33,2/28/12 15:35,116,COS,PSA,G130M,1309,12036,2/28/13 16:38,
LBGJ53LIQ,V-RU-LUPI,239.1762533,-37.8210421,11,2/28/12 15:38,2/28/12 15:38,3,COS,PSA,G130M,1309,12036,2/28/13 16:38,
LBZ404010,V-RW-AUR,76.9565625,30.401362,4,8/29/13 15:19,8/29/13 20:29,10467.744,COS,PSA,G130M,1222,12876,8/29/14 23:47,LBZ404010
LBZ404020,V-RW-AUR,76.9565625,30.401362,4,8/29/13 21:15,8/29/13 21:40,1500.192,COS,PSA,G160M,1577,12876,8/29/14 23:43,LBZ404020
LBZ404030,V-RW-AUR,76.9565625,30.401362,4,8/29/13 21:43,8/29/13 22:04,1305.216,COS,PSA,G160M,1589,12876,8/30/14 3:56,LBZ404030
LBZ404040,V-RW-AUR,76.9565625,30.401362,4,8/29/13 22:50,8/29/13 23:15,1500.192,COS,PSA,G160M,1611,12876,8/30/14 3:58,LBZ404040
LBZ404050,V-RW-AUR,76.9565625,30.401362,4,8/29/13 23:18,8/29/13 23:40,1307.168,COS,PSA,G160M,1623,12876,8/30/14 3:59,LBZ404050
LB6B11010,V-SU-AUR,73.9974479,30.5670057,25,3/25/11 8:01,3/25/11 8:12,622.144,COS,PSA,G160M,1577,11616,3/25/12 18:17,LB6B11010
LB6B11020,V-SU-AUR,73.9974479,30.5670057,25,3/25/11 8:15,3/25/11 8:25,622.144,COS,PSA,G160M,1600,11616,3/25/12 18:28,LB6B11020
LB6B11030,V-SU-AUR,73.9974479,30.5670057,25,3/25/11 9:06,3/25/11 9:15,515.008,COS,PSA,G160M,1623,11616,3/25/12 18:37,LB6B11030
LB6B11040,V-SU-AUR,73.9974479,30.5670057,25,3/25/11 9:19,3/25/11 9:36,894.048,COS,PSA,G130M,1291,11616,3/25/12 18:51,LB6B11040
LB6B11050,V-SU-AUR,73.9974479,30.5670057,25,3/25/11 9:39,3/25/11 9:56,894.016,COS,PSA,G130M,1327,11616,3/25/12 19:10,LB6B11050
LDGX08010,V-T-CRA,285.4949429,-36.9639992,0,10/2/18 9:42,10/2/18 14:56,10544.544,COS,PSA,G130M,1222,15070,10/2/18 19:21,LDGX08010
LDGXA9010,V-T-CRA,285.4949429,-36.9639992,0,10/2/18 17:39,10/2/18 18:06,0,COS,PSA,G160M,1589,15070,10/2/18 19:16,
LDGXA9020,V-T-CRA,285.4949429,-36.9639992,0,10/2/18 18:52,10/2/18 19:41,0,COS,PSA,G160M,1577,15070,10/2/18 21:18,
LBL201010,V-TW-HYA,165.4660182,-34.7047683,2,4/10/11 9:08,4/10/11 9:16,519.008,COS,PSA,G285M,2676,12315,4/10/12 12:05,LBL201010
LBL201020,V-TW-HYA,165.4660182,-34.7047683,2,4/10/11 9:21,4/10/11 9:51,1560,COS,PSA,G160M,1577,12315,4/10/12 12:51,LBL201020
LBL201030,V-TW-HYA,165.4660182,-34.7047683,2,4/10/11 10:29,4/10/11 10:40,628.192,COS,PSA,G285M,2676,12315,4/10/12 12:51,LBL201030
LBL201040,V-TW-HYA,165.4660182,-34.7047683,2,4/10/11 10:44,4/10/11 11:19,1890.592,COS,PSA,G160M,1577,12315,4/10/12 22:54,LBL201040
LBL201050,V-TW-HYA,165.4660182,-34.7047683,2,4/10/11 12:11,4/10/11 12:21,628.192,COS,PSA,G285M,2676,12315,4/10/12 22:20,LBL201050
LBL201060,V-TW-HYA,165.4660182,-34.7047683,2,4/10/11 12:25,4/10/11 13:01,1890.592,COS,PSA,G160M,1577,12315,4/10/12 23:11,LBL201060
LBL201PRQ,V-TW-HYA,165.4660182,-34.7047683,2,4/10/11 8:58,4/10/11 9:04,328,COS,PSA,G285M,2676,12315,4/10/12 12:01,
LBL201PSQ,V-TW-HYA,165.4660182,-34.7047683,2,4/10/11 9:06,4/10/11 9:06,6,COS,PSA,G285M,2676,12315,4/10/12 12:01,
LBL202010,V-TW-HYA,165.466018,-34.7047682,2,4/11/11 13:53,4/11/11 14:02,519.008,COS,PSA,G285M,2676,12315,4/11/12 16:17,LBL202010
LBL202020,V-TW-HYA,165.466018,-34.7047682,2,4/11/11 14:07,4/11/11 14:37,1560,COS,PSA,G160M,1577,12315,4/11/12 19:12,LBL202020
LBL202NMQ,V-TW-HYA,165.466018,-34.7047682,2,4/11/11 13:44,4/11/11 13:49,328,COS,PSA,G285M,2676,12315,4/11/12 16:12,
LBL202NNQ,V-TW-HYA,165.466018,-34.7047682,2,4/11/11 13:52,4/11/11 13:52,6,COS,PSA,G285M,2676,12315,4/11/12 16:12,
LBL203010,V-TW-HYA,165.4660178,-34.7047681,2,4/13/11 10:32,4/13/11 10:40,519.008,COS,PSA,G285M,2676,12315,4/13/12 16:09,LBL203010
LBL203020,V-TW-HYA,165.4660178,-34.7047681,2,4/13/11 10:45,4/13/11 11:15,1560.096,COS,PSA,G160M,1577,12315,4/13/12 19:48,LBL203020
LBL203OPQ,V-TW-HYA,165.4660178,-34.7047681,2,4/13/11 10:22,4/13/11 10:27,328,COS,PSA,G285M,2676,12315,4/13/12 16:05,
LBL203OQQ,V-TW-HYA,165.4660178,-34.7047681,2,4/13/11 10:30,4/13/11 10:30,6,COS,PSA,G285M,2676,12315,4/13/12 16:05,
LBL204010,V-TW-HYA,165.4660175,-34.7047681,2,4/15/11 9:14,4/15/11 9:23,519.04,COS,PSA,G285M,2676,12315,4/15/12 13:01,LBL204010
LBL204020,V-TW-HYA,165.4660175,-34.7047681,2,4/15/11 9:28,4/15/11 10:43,1560.032,COS,PSA,G160M,1577,12315,4/15/12 14:45,LBL204020
LBL204ZRQ,V-TW-HYA,165.4660175,-34.7047681,2,4/15/11 9:05,4/15/11 9:10,328,COS,PSA,G285M,2676,12315,4/15/12 12:58,
LBL204ZSQ,V-TW-HYA,165.4660175,-34.7047681,2,4/15/11 9:13,4/15/11 9:13,6,COS,PSA,G285M,2676,12315,4/15/12 12:58,
LBL205010,V-TW-HYA,165.4660171,-34.7047679,2,4/18/11 9:19,4/18/11 9:28,519.008,COS,PSA,G285M,2676,12315,4/18/12 14:14,LBL205010
LBL205020,V-TW-HYA,165.4660171,-34.7047679,2,4/18/11 10:21,4/18/11 10:51,1560.096,COS,PSA,G160M,1577,12315,4/18/12 15:13,LBL205020
LBL205FSQ,V-TW-HYA,165.4660171,-34.7047679,2,4/18/11 9:09,4/18/11 9:15,328,COS,PSA,G285M,2676,12315,4/18/12 14:11,
LBL205FTQ,V-TW-HYA,165.4660171,-34.7047679,2,4/18/11 9:17,4/18/11 9:17,6,COS,PSA,G285M,2676,12315,4/18/12 14:11,
LBL206010,V-TW-HYA,165.4660161,-34.7047675,2,4/26/11 8:36,4/26/11 8:44,519.008,COS,PSA,G285M,2676,12315,4/26/12 21:40,LBL206010
LBL206020,V-TW-HYA,165.4660161,-34.7047675,2,4/26/11 8:49,4/26/11 10:13,1560,COS,PSA,G160M,1577,12315,4/26/12 22:36,LBL206020
LBL206KVQ,V-TW-HYA,165.4660161,-34.7047675,2,4/26/11 8:26,4/26/11 8:32,328,COS,PSA,G285M,2676,12315,4/26/12 21:36,
LBL206KWQ,V-TW-HYA,165.4660161,-34.7047675,2,4/26/11 8:34,4/26/11 8:34,6,COS,PSA,G285M,2676,12315,4/26/12 21:36,
LBL207010,V-TW-HYA,165.4660156,-34.7047673,2,4/30/11 6:55,4/30/11 7:03,519.04,COS,PSA,G285M,2676,12315,4/30/12 8:28,LBL207010
LBL207020,V-TW-HYA,165.4660156,-34.7047673,2,4/30/11 7:08,4/30/11 8:37,1560.064,COS,PSA,G160M,1577,12315,4/30/12 12:06,LBL207020
LBL207CIQ,V-TW-HYA,165.4660156,-34.7047673,2,4/30/11 6:45,4/30/11 6:51,328,COS,PSA,G285M,2676,12315,4/30/12 8:24,
LBL207CJQ,V-TW-HYA,165.4660156,-34.7047673,2,4/30/11 6:53,4/30/11 6:53,6,COS,PSA,G285M,2676,12315,4/30/12 8:24,
LBL208010,V-TW-HYA,165.466015,-34.7047671,2,5/6/11 3:29,5/6/11 3:38,519.008,COS,PSA,G285M,2676,12315,5/6/12 5:51,LBL208010
LBL208020,V-TW-HYA,165.466015,-34.704767,2,5/6/11 4:50,5/6/11 5:20,1560,COS,PSA,G160M,1577,12315,5/6/12 11:31,LBL208020
LBL208WWQ,V-TW-HYA,165.466015,-34.7047671,2,5/6/11 3:20,5/6/11 3:25,328,COS,PSA,G285M,2676,12315,5/6/12 5:47,
LBL208WXQ,V-TW-HYA,165.466015,-34.7047671,2,5/6/11 3:28,5/6/11 3:28,6,COS,PSA,G285M,2676,12315,5/6/12 5:47,
LDMP11010,V-V1152-SCO,240.356724,-22.677976,0,2/15/18 17:34,2/15/18 18:15,2310.272,COS,PSA,G130M,1222,15310,8/15/18 22:41,LDMP11010
LDMP03010,V-V1154-SCO,240.5434529,-22.6913597,0,2/15/18 16:00,2/15/18 16:39,2226.208,COS,PSA,G130M,1222,15310,8/15/18 20:01,LDMP03010
LDMP03XAQ,V-V1154-SCO,240.5434529,-22.6913597,0,2/15/18 15:48,2/15/18 15:54,360,COS,PSA,G230L,3360,15310,8/15/18 19:57,
LDMP03XBQ,V-V1154-SCO,240.5434529,-22.6913597,0,2/15/18 15:56,2/15/18 15:56,12.5,COS,PSA,G230L,3360,15310,8/15/18 19:57,
LDMP12010,V-V1156-SCO,241.198904,-19.5064741,0,2/17/18 15:40,2/17/18 16:21,2368.032,COS,PSA,G130M,1222,15310,8/17/18 19:58,LDMP12010
LDMP07010,V-V1157-SCO,242.8356838,-18.348745,0,2/17/18 14:10,2/17/18 14:46,2078.08,COS,PSA,G130M,1222,15310,8/17/18 15:39,LDMP07010
LDMP16010,V-V2505-OPH,247.4528603,-21.8700982,0,2/23/18 22:45,2/23/18 23:26,2338.112,COS,PSA,G130M,1222,15310,8/24/18 1:57,LDMP16010
LB6B06010,V-V836-TAU,75.7775823,25.3887722,25,2/5/11 5:06,2/5/11 5:31,1480.192,COS,PSA,G160M,1577,11616,2/5/12 13:31,LB6B06010
LB6B06020,V-V836-TAU,75.7775823,25.3887722,25,2/5/11 6:12,2/5/11 6:35,1391.136,COS,PSA,G160M,1600,11616,2/5/12 13:38,LB6B06020
LB6B06030,V-V836-TAU,75.7775823,25.3887722,25,2/5/11 6:38,2/5/11 7:02,1391.2,COS,PSA,G160M,1623,11616,2/5/12 13:45,LB6B06030
LB6B06040,V-V836-TAU,75.7775823,25.3887722,25,2/5/11 7:48,2/5/11 8:37,2852.384,COS,PSA,G130M,1327,11616,2/5/12 13:59,LB6B06040
LB6B06050,V-V836-TAU,75.7775823,25.3887722,25,2/5/11 9:24,2/5/11 10:13,2852.384,COS,PSA,G130M,1291,11616,2/5/12 14:09,LB6B06050
LB3Q01030,V4046SGR,273.5437241,-32.7928208,18,4/27/10 9:10,4/27/10 9:26,940.192,COS,PSA,G130M,1291,11533,4/27/11 13:08,LB3Q01030
LB3Q01040,V4046SGR,273.5437241,-32.7928208,18,4/27/10 9:29,4/27/10 9:43,851.2,COS,PSA,G130M,1300,11533,4/27/11 13:08,LB3Q01040
LB3Q01050,V4046SGR,273.5437241,-32.7928208,18,4/27/10 10:27,4/27/10 10:50,1280.16,COS,PSA,G130M,1309,11533,4/27/11 13:09,LB3Q01050
LB3Q01060,V4046SGR,273.5437241,-32.7928208,18,4/27/10 10:53,4/27/10 11:17,1432.192,COS,PSA,G130M,1318,11533,4/27/11 13:19,LB3Q01060
LB3Q01070,V4046SGR,273.5437241,-32.7928208,18,4/27/10 12:05,4/27/10 12:28,1420.192,COS,PSA,G160M,1589,11533,4/27/11 15:05,LB3Q01070
LB3Q01080,V4046SGR,273.5437241,-32.7928208,18,4/27/10 12:32,4/27/10 12:55,1412.16,COS,PSA,G160M,1600,11533,4/27/11 15:05,LB3Q01080
LB3Q01090,V4046SGR,273.5437241,-32.7928208,18,4/27/10 13:40,4/27/10 14:03,1415.168,COS,PSA,G160M,1611,11533,4/27/11 17:04,LB3Q01090
LB3Q010A0,V4046SGR,273.5437241,-32.7928208,18,4/27/10 14:07,4/27/10 14:29,1333.216,COS,PSA,G160M,1623,11533,4/27/11 17:04,LB3Q010A0
LC2H10010,VVSER,277.1994083,0.1444444,1,5/15/13 14:42,5/15/13 15:15,1599.84,COS,PSA,G160M,1577,12996,5/15/14 21:10,LC2H10010
LC2H10020,VVSER,277.1994083,0.1444444,1,5/15/13 16:04,5/15/13 16:41,1856,COS,PSA,G130M,1291,12996,5/16/14 0:34,LC2H10020
LC2H10030,VVSER,277.1994083,0.1444444,1,5/15/13 16:47,5/15/13 16:50,180,COS,PSA,G230L,2950,12996,5/16/14 0:25,LC2H10030
LDMP14010,WA-OPH-1,242.7870528,-19.0798274,0,8/3/18 9:24,8/3/18 10:03,0,COS,PSA,G130M,1222,15310,2/3/19 14:38,
LD7GA2010,CD-33-10685,236.3035529,-34.2919083,2,7/26/17 15:20,7/26/17 17:38,5537.216,COS,PSA,G140L,1280,14604,7/27/18 1:18,LD7GA2010
LD7GA2020,CD-33-10685,236.3035529,-34.2919083,2,7/26/17 18:25,7/26/17 18:47,1210.336,COS,PSA,G130M,1291,14604,7/27/18 3:01,LD7GA2020
LD7GA2030,CD-33-10685,236.3035529,-34.2919083,2,7/26/17 18:51,7/26/17 19:14,1209.248,COS,PSA,G130M,1318,14604,7/27/18 3:01,LD7GA2030
LD7GA2040,CD-33-10685,236.3035529,-34.2919083,2,7/26/17 20:00,7/26/17 20:23,1266.208,COS,PSA,G160M,1577,14604,7/27/18 3:01,LD7GA2040
LD7GA2050,CD-33-10685,236.3035529,-34.2919083,2,7/26/17 20:26,7/26/17 20:49,1267.296,COS,PSA,G160M,1611,14604,7/27/18 3:01,LD7GA2050
LD7GA3010,TYC-7851-810-1,242.1278917,-38.4742417,2,7/29/17 16:30,7/29/17 18:49,5577.152,COS,PSA,G140L,1280,14604,7/30/18 2:43,LD7GA3010
LD7GA3020,TYC-7851-810-1,242.1278917,-38.4742417,2,7/29/17 19:35,7/29/17 19:58,1220.352,COS,PSA,G130M,1291,14604,7/30/18 2:42,LD7GA3020
LD7GA3030,TYC-7851-810-1,242.1278917,-38.4742417,2,7/29/17 20:01,7/29/17 20:24,1221.312,COS,PSA,G130M,1318,14604,7/30/18 2:42,LD7GA3030
LD7GA3040,TYC-7851-810-1,242.1278917,-38.4742417,2,7/29/17 21:10,7/29/17 21:33,1278.208,COS,PSA,G160M,1577,14604,7/30/18 2:42,LD7GA3040
LD7GA3050,TYC-7851-810-1,242.1278917,-38.4742417,2,7/29/17 21:36,7/29/17 22:00,1277.248,COS,PSA,G160M,1611,14604,7/30/18 2:42,LD7GA3050
LD7GA1010,V-MY-LUP,240.1854583,-41.9253806,2,9/8/17 3:23,9/8/17 5:42,5657.216,COS,PSA,G140L,1280,14604,9/8/18 12:26,LD7GA1010
LD7GA1020,V-MY-LUP,240.1854583,-41.9253806,2,9/8/17 6:33,9/8/17 6:56,1240.384,COS,PSA,G130M,1291,14604,9/8/18 12:26,LD7GA1020
LD7GA1030,V-MY-LUP,240.1854583,-41.9253806,2,9/8/17 7:00,9/8/17 7:23,1240.352,COS,PSA,G130M,1318,14604,9/8/18 12:26,LD7GA1030
LD7GA1040,V-MY-LUP,240.1854583,-41.9253806,2,9/8/17 8:13,9/8/17 8:36,1296.192,COS,PSA,G160M,1577,14604,9/8/18 12:26,LD7GA1040
LD7GA1050,V-MY-LUP,240.1854583,-41.9253806,2,9/8/17 8:39,9/8/17 10:01,1296.128,COS,PSA,G160M,1611,14604,9/8/18 12:26,LD7GA1050
