Dataset,Target Name,RA (J2000),Dec (J2000),Ref,Start Time,Stop Time,Exp Time,Instrument,Apertures,Filters/Gratings,Central Wavelength,Proposal ID,Release Date,Preview Name,DONE?
LB6B16050,V-CS-CHA,165.6049952,-77.5600915,28,6/1/11 20:52,6/1/11 21:04,718.144,COS,PSA,G160M,1623,11616,6/2/12 2:10,LB6B16050,y
LB6B16040,V-CS-CHA,165.6049952,-77.5600915,28,6/1/11 20:37,6/1/11 20:49,718.176,COS,PSA,G160M,1600,11616,6/2/12 2:08,LB6B16040,y
LB6B16030,V-CS-CHA,165.6049952,-77.5600915,28,6/1/11 19:41,6/1/11 19:53,718.144,COS,PSA,G160M,1577,11616,6/1/12 22:10,LB6B16030,y
LB6B16020,V-CS-CHA,165.6049952,-77.5600915,28,6/1/11 19:14,6/1/11 19:37,1177.984,COS,PSA,G130M,1327,11616,6/1/12 22:09,LB6B16020,y
LB6B16010,V-CS-CHA,165.6049952,-77.5600915,28,6/1/11 17:53,6/1/11 19:11,1177.984,COS,PSA,G130M,1291,11616,6/1/12 22:06,LB6B16010,y
#LB4P07ESQ,0255035-470050,43.7695532,-47.0160341,3,10/25/09 4:13,10/25/09 4:51,2270,COS,PSA,G140L,1230,11531,10/26/10 18:00,,do not include
#LB4P07010,0255035-470050,43.7695533,-47.0160341,3,10/25/09 4:51,10/25/09 11:28,13230.464,COS,PSA,G140L,1230,11531,10/26/10 19:42,LB4P07010,do not include
#LB4P01010,1207334-393254-KF,181.8893421,-39.5483452,3,12/3/09 6:51,12/3/09 9:17,6229.792,COS,PSA,G140L,1230,11531,12/3/10 17:45,LB4P01010,y
LB4P01020,1207334-393254-KF,181.8893421,-39.5483452,3,12/3/09 10:02,12/3/09 10:53,3050.176,COS,PSA,G285M,2676,11531,12/3/10 17:35,LB4P01020,y
LB4P01RQQ,1207334-393254-KF,181.8893421,-39.5483452,3,12/3/09 5:34,12/3/09 6:10,2126,COS,PSA,G160M,1600,11531,12/3/10 7:45,,y
LB4P01RRQ,1207334-393254-KF,181.8893421,-39.5483452,3,12/3/09 6:11,12/3/09 6:16,299,COS,PSA,G160M,1600,11531,12/3/10 7:45,,y
LB4P02050,1207334-393254-KF,181.8893418,-39.5483453,3,12/8/09 2:30,12/8/09 2:54,1410.08,COS,PSA,G160M,1600,11531,12/8/10 7:05,LB4P02050,y
LB4P02060,1207334-393254-KF,181.8893418,-39.5483453,3,12/8/09 3:39,12/8/09 4:28,2975.072,COS,PSA,G160M,1611,11531,12/8/10 7:06,LB4P02060,y
LB4P02070,1207334-393254-KF,181.8893418,-39.5483453,3,12/8/09 5:15,12/8/09 6:04,2975.104,COS,PSA,G160M,1623,11531,12/8/10 11:39,LB4P02070,y
LB4P02080,1207334-393254-KF,181.8893418,-39.5483453,3,12/8/09 6:51,12/8/09 7:40,2967.168,COS,PSA,G130M,1291,11531,12/8/10 11:51,LB4P02080,y
LB4P02090,1207334-393254-KF,181.8893418,-39.5483453,3,12/8/09 8:26,12/8/09 9:16,3000.192,COS,PSA,G130M,1300,11531,12/8/10 11:50,LB4P02090,y
LB4P020A0,1207334-393254-KF,181.8893418,-39.5483453,3,12/8/09 10:02,12/8/09 10:52,3005.184,COS,PSA,G130M,1309,11531,12/8/10 14:55,LB4P020A0,y
LB4P02FGQ,1207334-393254-KF,181.8893418,-39.5483453,3,12/8/09 2:06,12/8/09 2:27,1280,COS,PSA,G160M,1600,11531,12/8/10 6:56,,y
LB4P02FHQ,1207334-393254-KF,181.8893418,-39.5483453,3,12/8/09 2:27,12/8/09 2:32,299,COS,PSA,G160M,1600,11531,12/8/10 6:56,,y
#LB4P04X6Q,1507476-162738,226.9483662,-16.4634994,3,9/17/09 4:46,9/17/09 5:27,2450,COS,PSA,G140L,1230,11531,9/17/10 17:36,,do not include
#LB4P05010,1507476-162738,226.9483575,-16.4635787,3,1/14/10 9:33,1/14/10 14:31,9580.256,COS,PSA,G140L,1230,11531,1/14/11 17:36,LB4P05010,do not include
#LB4P05QEQ,1507476-162738,226.9483575,-16.4635787,3,1/14/10 8:56,1/14/10 9:34,2270,COS,PSA,G140L,1230,11531,1/14/11 11:23,,do not include
LDMP24010,2MASS-J15570234-1950419,239.2597229,-19.8451305,0,8/2/18 23:50,8/3/18 0:30,2248.288,COS,PSA,G130M,1222,15310,2/3/19 2:54,LDMP24010,only 1222. Don't include
LDMP30010,2MASS-J15580815-2405529,239.5338546,-24.098177,0,7/29/18 8:37,7/29/18 9:13,2040.128,COS,PSA,G130M,1222,15310,1/29/19 11:24,LDMP30010,only 1222. Don't include
LDMP08010,2MASS-J15584772-1757595,239.6987624,-17.966693,0,8/5/18 10:44,8/5/18 11:19,2008.256,COS,PSA,G130M,1222,15310,2/5/19 15:35,LDMP08010,only 1222. Don't include
LDMP21010,2MASS-J16004277-2127380,240.1781112,-21.4606996,0,8/4/18 12:25,8/4/18 13:07,2406.144,COS,PSA,G130M,1222,15310,2/4/19 15:29,LDMP21010,only 1222. Don't include
LDMP22010,2MASS-J16010801-2113184,240.2833141,-21.2219104,0,2/23/18 21:04,2/23/18 21:47,2430.048,COS,PSA,G130M,1222,15310,8/24/18 1:57,LDMP22010,only 1222. Don't include
LDMP25010,2MASS-J16023910-2542078,240.6628193,-25.702351,0,7/25/18 4:29,7/25/18 5:07,2188.224,COS,PSA,G130M,1222,15310,1/25/19 7:27,LDMP25010,only 1222. Don't include
LDMP26010,2MASS-J16025123-2401574,240.7133826,-24.0327516,0,2/14/18 6:58,2/14/18 8:21,2080.096,COS,PSA,G130M,1222,15310,8/14/18 11:48,LDMP26010,only 1222. Don't include
LDMP02010,2MASS-J16025243-2402226,240.718386,-24.0396644,0,2/13/18 14:47,2/13/18 15:23,2062.176,COS,PSA,G130M,1222,15310,8/13/18 19:41,LDMP02010,only 1222. Don't include
LDMP17010,2MASS-J16025396-2022480,240.7247911,-20.3801121,0,8/4/18 10:53,8/4/18 11:29,2040.064,COS,PSA,G130M,1222,15310,2/4/19 15:29,LDMP17010,only 1222. Don't include
LDMP20010,2MASS-J16061254-2036472,241.5522049,-20.6132534,0,2/18/18 17:05,2/18/18 17:46,2400.096,COS,PSA,G130M,1222,15310,8/18/18 23:04,LDMP20010,only 1222. Don't include
LDMP09010,2MASS-J16081474-1908327,242.0613804,-19.1425577,0,2/16/18 19:04,2/16/18 19:41,2138.112,COS,PSA,G130M,1222,15310,8/17/18 0:11,LDMP09010,only 1222. Don't include
LDMP18010,2MASS-J16085673-2033460,242.2363195,-20.56286,0,2/17/18 17:22,2/17/18 17:56,1940.16,COS,PSA,G130M,1222,15310,8/17/18 19:58,LDMP18010,only 1222. Don't include
LDMP15010,2MASS-J16130271-2257446,243.2612677,-22.9624917,0,8/3/18 14:09,8/3/18 14:46,2080.288,COS,PSA,G130M,1222,15310,2/3/19 20:20,LDMP15010,only 1222. Don't include
LDMP10010,2MASS-J16132929-2311075,243.3719846,-23.1855668,0,7/28/18 2:14,7/28/18 2:53,2220.352,COS,PSA,G130M,1222,15310,1/28/19 6:31,LDMP10010,only 1222. Don't include
LDMP13010,2MASS-J16193396-2228294,244.8914686,-22.4749835,0,8/5/18 12:18,8/5/18 12:57,2250.304,COS,PSA,G130M,1222,15310,2/5/19 15:35,LDMP13010,only 1222. Don't include
LDMP29010,2MASS-J16230783-2300596,245.7825542,-23.0167944,0,8/25/18 15:16,8/25/18 15:56,2314.336,COS,PSA,G130M,1222,15310,2/25/19 20:41,LDMP29010,only 1222. Don't include
LDMP23010,BD-18-4244,243.1687668,-18.9912966,0,8/2/18 11:10,8/2/18 11:50,2278.24,COS,PSA,G130M,1222,15310,2/2/19 13:09,LDMP23010,only 1222. Don't include
LDMP06010,BD-21-4301,243.3273668,-22.2137156,0,2/19/18 20:08,2/19/18 20:50,2400.128,COS,PSA,G130M,1222,15310,8/20/18 2:35,LDMP06010,only 1222. Don't include
LDMP04010,CD-22-11315,240.8978453,-22.7657099,0,2/16/18 17:24,2/16/18 18:05,2360.096,COS,PSA,G130M,1222,15310,8/16/18 19:10,LDMP04010,only 1222. Don't include
LDMP01010,CD-25-11113,237.337437,-26.0018723,0,7/17/18 10:32,7/17/18 11:13,2358.336,COS,PSA,G130M,1222,15310,1/17/19 15:28,LDMP01010,only 1222. Don't include
LCCP02010,CVSO107,83.1074167,-0.6148056,1,12/31/13 19:24,1/1/14 0:22,5031.584,COS,PSA,G160M,1611,13363,1/2/15 15:04,LCCP02010,y
LCCP02JJQ,CVSO107,83.1074167,-0.6148056,1,12/31/13 19:13,12/31/13 19:18,343,COS,PSA,G160M,1611,13363,1/2/15 14:37,,y
LCCP02JKQ,CVSO107,83.1074167,-0.6148056,1,12/31/13 19:21,12/31/13 19:21,22,COS,PSA,G160M,1611,13363,1/2/15 14:37,,y
LCCP03010,CVSO109,83.1360708,-1.2294778,1,1/1/14 17:50,1/1/14 21:01,4231.584,COS,PSA,G160M,1611,13363,1/2/15 17:03,LCCP03010,y
LCCP03R5Q,CVSO109,83.1360708,-1.2294778,1,1/1/14 17:33,1/1/14 17:46,803,COS,PSA,G160M,1611,13363,1/2/15 16:46,,y
LCCP03R6Q,CVSO109,83.1360708,-1.2294778,1,1/1/14 17:47,1/1/14 17:48,90,COS,PSA,G160M,1611,13363,1/2/15 16:47,,y
LCCP01010,CVSO58,82.34693,-1.4209194,1,12/31/13 12:50,12/31/13 14:55,4503.584,COS,PSA,G160M,1611,13363,12/31/14 16:54,LCCP01010,y
LCCP01IHQ,CVSO58,82.34693,-1.4209194,1,12/31/13 12:29,12/31/13 12:35,310,COS,PSA,G160M,1611,13363,12/31/14 15:33,,y
LCCP01IIQ,CVSO58,82.34693,-1.4209194,1,12/31/13 12:37,12/31/13 12:37,9,COS,PSA,G160M,1611,13363,12/31/14 15:33,,y
LCCP04010,CVSO90,82.8359583,-0.8221667,1,1/2/14 15:50,1/2/14 17:21,2097.856,COS,PSA,G160M,1577,13363,1/3/15 17:02,LCCP04010,y
LCCP04020,CVSO90,82.8359583,-0.8221667,1,1/2/14 17:24,1/2/14 19:15,2598.656,COS,PSA,G160M,1623,13363,1/3/15 17:06,LCCP04020,y
LCCP04UFQ,CVSO90,82.8359583,-0.8221667,1,1/2/14 15:39,1/2/14 15:44,266,COS,PSA,G160M,1611,13363,1/3/15 16:35,,y
LCCP04UGQ,CVSO90,82.8359583,-0.8221667,1,1/2/14 15:47,1/2/14 15:47,8,COS,PSA,G160M,1611,13363,1/3/15 16:35,,y
LBH213010,DQ-TAU,71.7210979,16.9999709,3,2/11/11 12:34,2/11/11 12:38,192,COS,PSA,G230L,2950,12161,2/11/12 13:49,LBH213010,y
LBH213020,DQ-TAU,71.7210979,16.9999709,3,2/11/11 12:42,2/11/11 13:13,1744.16,COS,PSA,G160M,1577,12161,2/11/12 16:13,LBH213020,y
LBH214010,DQ-TAU,71.7210979,16.9999709,3,2/15/11 5:52,2/15/11 5:55,192.032,COS,PSA,G230L,2950,12161,2/15/12 16:56,LBH214010,y
LBH214020,DQ-TAU,71.7210979,16.9999709,3,2/15/11 5:59,2/15/11 6:30,1744.096,COS,PSA,G160M,1577,12161,2/15/12 17:35,LBH214020,y
LBH215010,DQ-TAU,71.7210979,16.9999708,3,2/19/11 23:27,2/19/11 23:30,192.032,COS,PSA,G230L,2950,12161,2/20/12 2:27,LBH215010,y
LBH215020,DQ-TAU,71.7210979,16.9999708,3,2/19/11 23:35,2/20/11 0:06,1744.16,COS,PSA,G160M,1577,12161,2/20/12 2:58,LBH215020,y
LBH216010,DQ-TAU,71.7210979,16.9999708,3,2/22/11 14:03,2/22/11 14:06,192,COS,PSA,G230L,2950,12161,2/22/12 16:09,LBH216010,y
LBH216020,DQ-TAU,71.7210979,16.9999708,3,2/22/11 14:10,2/22/11 15:38,1744.288,COS,PSA,G160M,1577,12161,2/22/12 23:05,LBH216020,y
LBH217010,DQ-TAU,71.7210979,16.9999707,3,2/27/11 18:20,2/27/11 18:23,192,COS,PSA,G230L,2950,12161,2/28/12 19:24,LBH217010,y
LBH217020,DQ-TAU,71.7210979,16.9999707,3,2/27/11 18:28,2/27/11 18:59,1744.192,COS,PSA,G160M,1577,12161,2/28/12 19:55,LBH217020,y
LBH218010,DQ-TAU,71.7210979,16.9999707,3,3/3/11 0:26,3/3/11 0:29,192,COS,PSA,G230L,2950,12161,3/3/12 2:20,LBH218010,y
LBH218020,DQ-TAU,71.7210979,16.9999707,3,3/3/11 0:34,3/3/11 1:05,1744.256,COS,PSA,G160M,1577,12161,3/3/12 13:10,LBH218020,y
LBH219010,DQ-TAU,71.7210979,16.9999706,3,3/7/11 8:27,3/7/11 8:30,192,COS,PSA,G230L,2950,12161,3/7/12 18:58,LBH219010,y
LBH219020,DQ-TAU,71.7210979,16.9999706,3,3/7/11 8:34,3/7/11 9:06,1744.224,COS,PSA,G160M,1577,12161,3/7/12 19:23,LBH219020,y
LBH220010,DQ-TAU,71.7210979,16.9999706,3,3/10/11 8:57,3/10/11 9:00,192,COS,PSA,G230L,2950,12161,3/10/12 22:51,LBH220010,y
LBH220020,DQ-TAU,71.7210979,16.9999706,3,3/10/11 9:46,3/10/11 10:17,1744.256,COS,PSA,G160M,1577,12161,3/10/12 23:27,LBH220020,y
LBH221010,DQ-TAU,71.7210979,16.9999705,3,3/15/11 17:43,3/15/11 17:46,192,COS,PSA,G230L,2950,12161,3/16/12 21:16,LBH221010,y
LBH221020,DQ-TAU,71.7210979,16.9999705,3,3/15/11 17:50,3/15/11 18:21,1744.32,COS,PSA,G160M,1577,12161,3/16/12 22:23,LBH221020,y
LBH222010,DQ-TAU,71.721098,16.9999705,3,3/18/11 8:00,3/18/11 8:03,192,COS,PSA,G230L,2950,12161,3/18/12 11:00,LBH222010,y
LBH222020,DQ-TAU,71.721098,16.9999705,3,3/18/11 8:07,3/18/11 8:39,1744.192,COS,PSA,G160M,1577,12161,3/18/12 11:28,LBH222020,y
LBH223010,DQ-TAU,71.721098,16.9999704,3,3/23/11 7:48,3/23/11 7:51,192.032,COS,PSA,G230L,2950,12161,3/23/12 10:39,LBH223010,y
LBH223020,DQ-TAU,71.721098,16.9999704,3,3/23/11 7:55,3/23/11 8:26,1744.288,COS,PSA,G160M,1577,12161,3/23/12 13:37,LBH223020,y
LBH224010,DQ-TAU,71.721098,16.9999704,3,3/26/11 13:54,3/26/11 13:57,192,COS,PSA,G230L,2950,12161,3/26/12 23:17,LBH224010,y
LBH224020,DQ-TAU,71.721098,16.9999704,3,3/26/11 14:01,3/26/11 14:32,1744.256,COS,PSA,G160M,1577,12161,3/26/12 23:46,LBH224020,y
LB6B03010,EM-LKCA-15,69.824141,22.3508711,25,2/5/10 0:05,2/5/10 0:15,574.976,COS,PSA,G160M,1577,11616,2/5/11 4:51,LB6B03010,y
LB6B03020,EM-LKCA-15,69.824141,22.3508711,25,2/5/10 0:18,2/5/10 0:28,574.944,COS,PSA,G160M,1600,11616,2/5/11 4:59,LB6B03020,y
LB6B03030,EM-LKCA-15,69.824141,22.3508711,25,2/5/10 1:13,2/5/10 1:23,574.976,COS,PSA,G160M,1623,11616,2/5/11 5:00,LB6B03030,y
LB6B03040,EM-LKCA-15,69.824141,22.3508711,25,2/5/10 1:27,2/5/10 1:43,856,COS,PSA,G130M,1291,11616,2/5/11 5:10,LB6B03040,y
LB6B03050,EM-LKCA-15,69.824141,22.3508711,25,2/5/10 1:46,2/5/10 2:03,856,COS,PSA,G130M,1327,11616,2/5/11 5:10,LB6B03050,y
LB6B28010,EM-LKCA-19,73.9040214,30.2986031,25,3/30/11 23:21,3/30/11 23:39,972.032,COS,PSA,G130M,1291,11616,3/31/12 4:40,LB6B28010,y
LB6B28020,EM-LKCA-19,73.9040214,30.2986031,25,3/31/11 0:57,3/31/11 1:17,972.032,COS,PSA,G130M,1327,11616,3/31/12 4:52,LB6B28020,y
LB6B28030,EM-LKCA-19,73.9040214,30.2986031,25,3/31/11 1:21,3/31/11 1:32,630.112,COS,PSA,G160M,1577,11616,3/31/12 5:02,LB6B28030,y
LB6B28040,EM-LKCA-19,73.9040214,30.2986031,25,3/31/11 2:33,3/31/11 2:43,630.112,COS,PSA,G160M,1600,11616,3/31/12 5:11,LB6B28040,y
LB6B28050,EM-LKCA-19,73.9040214,30.2986031,25,3/31/11 2:47,3/31/11 2:57,630.112,COS,PSA,G160M,1623,11616,3/31/12 5:49,LB6B28050,y
LB6B27010,EM-LKCA-4,64.1171589,28.1265103,25,3/30/11 6:05,3/30/11 6:26,1152,COS,PSA,G130M,1291,11616,3/30/12 12:43,LB6B27010,y
LB6B27020,EM-LKCA-4,64.1171589,28.1265103,25,3/30/11 6:29,3/30/11 7:28,1152,COS,PSA,G130M,1327,11616,3/30/12 12:57,LB6B27020,y
LB6B27030,EM-LKCA-4,64.1171589,28.1265103,25,3/30/11 7:32,3/30/11 7:42,600.192,COS,PSA,G160M,1577,11616,3/30/12 13:03,LB6B27030,y
LB6B27040,EM-LKCA-4,64.1171589,28.1265103,25,3/30/11 7:45,3/30/11 7:55,600.16,COS,PSA,G160M,1600,11616,3/30/12 13:10,LB6B27040,y
LB6B27050,EM-LKCA-4,64.1171589,28.1265103,25,3/30/11 7:58,3/30/11 8:08,600.128,COS,PSA,G160M,1623,11616,3/30/12 13:16,LB6B27050,y
LDMP19010,GSC-06208-00834,241.6319775,-20.6065871,0,2/17/18 18:50,2/17/18 19:31,2398.304,COS,PSA,G130M,1222,15310,8/17/18 23:59,LDMP19010,only 1222. Don't include
LB6B26010,HBC-427,74.0084279,30.3509012,25,3/29/11 23:42,3/30/11 1:08,1116,COS,PSA,G130M,1291,11616,3/30/12 10:11,LB6B26010,y
LB6B26020,HBC-427,74.0084279,30.3509012,25,3/30/11 1:11,3/30/11 1:32,1007.04,COS,PSA,G130M,1327,11616,3/30/12 10:37,LB6B26020,y
LB6B26030,HBC-427,74.0084279,30.3509012,25,3/30/11 2:34,3/30/11 2:45,644.992,COS,PSA,G160M,1577,11616,3/30/12 10:46,LB6B26030,y
LB6B26040,HBC-427,74.0084279,30.3509012,25,3/30/11 2:48,3/30/11 2:59,645.12,COS,PSA,G160M,1600,11616,3/30/12 10:56,LB6B26040,y
LB6B26050,HBC-427,74.0084279,30.3509012,25,3/30/11 3:02,3/30/11 3:13,645.088,COS,PSA,G160M,1623,11616,3/30/12 11:10,LB6B26050,y
LC0M05010,HD-142527,239.1744877,-42.323219,1,1/13/13 21:32,1/13/13 21:40,450.016,COS,PSA,G130M,1291,13032,1/14/14 0:32,LC0M05010,y
LC0M05020,HD-142527,239.1744877,-42.323219,1,1/13/13 21:43,1/13/13 21:50,450.016,COS,PSA,G130M,1309,13032,1/14/14 0:32,LC0M05020,y
LC0M05030,HD-142527,239.1744877,-42.323219,1,1/13/13 21:54,1/13/13 22:10,875.04,COS,PSA,G130M,1327,13032,1/14/14 1:16,LC0M05030,y
LD7I05010,HD142527,239.1745321,-42.3231447,0,1/27/17 16:25,1/27/17 17:06,2320.32,COS,PSA,G160M,1577,14703,1/28/18 5:57,LD7I05010,y
LD7I05020,HD142527,239.1745321,-42.3231447,0,1/27/17 17:51,1/27/17 18:41,2916.32,COS,PSA,G160M,1611,14703,1/28/18 6:00,LD7I05020,y
LC0M02010,HD-169142,276.1240631,-29.7806264,1,4/5/13 20:47,4/5/13 20:53,400,COS,PSA,G130M,1291,13032,4/6/14 3:22,LC0M02010,y
LC0M02020,HD-169142,276.1240631,-29.7806264,1,4/5/13 20:57,4/5/13 21:04,400.032,COS,PSA,G130M,1309,13032,4/6/14 3:22,LC0M02020,y
LC0M02030,HD-169142,276.1240631,-29.7806264,1,4/5/13 21:07,4/5/13 21:22,760.032,COS,PSA,G130M,1327,13032,4/6/14 3:27,LC0M02030,y
LC2H06010,HKORI,82.8668833,12.1528472,1,12/6/12 17:26,12/6/12 18:58,1696.064,COS,PSA,G160M,1577,12996,12/7/13 2:38,LC2H06010,y
LC2H06020,HKORI,82.8668833,12.1528472,1,12/6/12 19:02,12/6/12 20:49,1856.064,COS,PSA,G130M,1291,12996,12/7/13 2:44,LC2H06020,y
LC2H06030,HKORI,82.8668833,12.1528472,1,12/6/12 20:55,12/6/12 20:58,180.032,COS,PSA,G230L,2950,12996,12/7/13 2:39,LC2H06030,y
LC2H08010,KKOPH,257.5338792,-27.2552836,1,6/18/13 15:20,6/18/13 16:50,1556.032,COS,PSA,G160M,1577,12996,6/19/14 0:44,LC2H08010,y
LC2H08020,KKOPH,257.5338792,-27.2552836,1,6/18/13 16:54,6/18/13 18:43,1856,COS,PSA,G130M,1291,12996,6/19/14 1:50,LC2H08020,y
LC2H08030,KKOPH,257.5338792,-27.2552836,1,6/18/13 18:48,6/18/13 18:51,178.016,COS,PSA,G230L,2950,12996,6/19/14 1:50,LC2H08030,y
LB6B15010,NAME-RW-AUR-A,76.9562843,30.4013427,25,3/25/11 2:51,3/25/11 3:00,539.008,COS,PSA,G160M,1577,11616,3/25/12 13:34,LB6B15010,y
LB6B15020,NAME-RW-AUR-A,76.9562843,30.4013427,25,3/25/11 3:03,3/25/11 3:12,538.976,COS,PSA,G160M,1600,11616,3/25/12 13:40,LB6B15020,y
LB6B15030,NAME-RW-AUR-A,76.9562843,30.4013427,25,3/25/11 3:15,3/25/11 3:24,538.976,COS,PSA,G160M,1623,11616,3/25/12 13:45,LB6B15030,y
LB6B15040,NAME-RW-AUR-A,76.9562843,30.4013427,25,3/25/11 4:20,3/25/11 4:37,881.92,COS,PSA,G130M,1291,11616,3/25/12 14:12,LB6B15040,y
LB6B15050,NAME-RW-AUR-A,76.9562843,30.4013427,25,3/25/11 4:40,3/25/11 4:57,882.016,COS,PSA,G130M,1327,11616,3/25/12 14:26,LB6B15050,y
LB6B15WGQ,NAME-RW-AUR-A,76.9562843,30.4013427,25,3/25/11 1:21,3/25/11 1:33,685,COS,PSA,G230L,3360,11616,3/25/12 13:20,,y
LB6B15WHQ,NAME-RW-AUR-A,76.9562843,30.4013427,25,3/25/11 1:35,3/25/11 1:40,310,COS,PSA,G285M,2850,11616,3/25/12 13:20,,y
LB6B15WIQ,NAME-RW-AUR-A,76.9562843,30.4013427,25,3/25/11 1:44,3/25/11 1:44,18,COS,PSA,G285M,2850,11616,3/25/12 13:20,,y
LB6B13010,NAME-UX-TAU-A,67.5163841,18.2302386,25,12/12/10 13:21,12/12/10 13:37,814.016,COS,PSA,G130M,1291,11616,12/12/11 14:54,LB6B13010,y
LB6B13020,NAME-UX-TAU-A,67.5163841,18.2302386,25,12/12/10 13:40,12/12/10 14:40,406.976,COS,PSA,G130M,1327,11616,5/24/12 18:30,LB6B13020,y
LB6B13030,NAME-UX-TAU-A,67.5163841,18.2302386,25,12/12/10 14:44,12/12/10 14:54,647.168,COS,PSA,G160M,1577,11616,12/12/11 21:45,LB6B13030,y
LB6B13040,NAME-UX-TAU-A,67.5163841,18.2302386,25,12/12/10 14:58,12/12/10 15:08,647.104,COS,PSA,G160M,1600,11616,12/12/11 21:48,LB6B13040,y
LB6B13050,NAME-UX-TAU-A,67.5163841,18.2302386,25,12/12/10 15:11,12/12/10 15:22,647.2,COS,PSA,G160M,1623,11616,12/12/11 21:51,LB6B13050,y
LB6B53010,NAME-UX-TAU-A,67.5163874,18.2302318,25,11/10/11 9:39,11/10/11 9:55,813.984,COS,PSA,G130M,1291,11616,11/10/12 17:01,LB6B53010,y
LB6B53020,NAME-UX-TAU-A,67.5163874,18.2302318,25,11/10/11 9:58,11/10/11 10:57,813.984,COS,PSA,G130M,1327,11616,11/10/12 17:03,LB6B53020,y
LB6B53030,NAME-UX-TAU-A,67.5163874,18.2302318,25,11/10/11 11:01,11/10/11 11:12,647.168,COS,PSA,G160M,1577,11616,11/10/12 17:03,LB6B53030,y
LB6B53040,NAME-UX-TAU-A,67.5163874,18.2302318,25,11/10/11 11:15,11/10/11 11:26,647.168,COS,PSA,G160M,1600,11616,11/10/12 17:05,LB6B53040,y
LB6B53050,NAME-UX-TAU-A,67.5163874,18.2302318,25,11/10/11 11:29,11/10/11 11:40,647.2,COS,PSA,G160M,1623,11616,11/11/12 1:47,LB6B53050,y
LDMP05010,NAME-V-V1001-SCO-A,242.9968889,-19.1149255,0,2/19/18 7:25,2/19/18 8:06,2316.096,COS,PSA,G130M,1222,15310,8/19/18 12:51,LDMP05010,y
LCCP06010,OB1A1192,81.44122,1.7639111,1,1/3/14 11:09,1/3/14 13:02,3890.112,COS,PSA,G160M,1611,13363,1/3/15 22:57,LCCP06010,y
LCCP06ZCQ,OB1A1192,81.44122,1.7639111,1,1/3/14 10:50,1/3/14 11:07,1023,COS,PSA,G160M,1611,13363,1/3/15 19:36,,y
LCCP06ZDQ,OB1A1192,81.44122,1.7639111,1,1/3/14 11:06,1/3/14 11:07,114,COS,PSA,G160M,1611,13363,1/3/15 19:36,,y
LCCP07010,OB1A1630,81.73073,1.6729111,1,1/2/14 13:07,1/2/14 14:44,2866.336,COS,PSA,G160M,1611,13363,1/3/15 16:58,LCCP07010,y
LCCP05010,OB1A776,81.1709958,1.9107111,1,1/3/14 8:10,1/3/14 9:51,3159.424,COS,PSA,G160M,1611,13363,1/3/15 19:48,LCCP05010,y
LCCP05Z0Q,OB1A776,81.1709958,1.9107111,1,1/3/14 7:37,1/3/14 7:54,977,COS,PSA,G160M,1611,13363,1/3/15 19:36,,y
LCCP05Z1Q,OB1A776,81.1709958,1.9107111,1,1/3/14 7:56,1/3/14 7:58,144,COS,PSA,G160M,1611,13363,1/3/15 19:36,,y
LDMP28010,PGZ2001-J161031.9-191305,242.6330782,-19.2184769,0,2/21/18 21:26,2/21/18 22:07,2328.256,COS,PSA,G130M,1222,15310,8/22/18 5:39,LDMP28010,y
LDMP27010,PZ99-J161019.1-250230,242.5798996,-25.0418478,0,2/16/18 15:54,2/16/18 16:30,2048.128,COS,PSA,G130M,1222,15310,8/16/18 17:32,LDMP27010,y
LB6B32010,RECX-1,129.2338528,-78.9459296,25,1/22/10 6:40,1/22/10 6:50,619.136,COS,PSA,G160M,1577,11616,1/22/11 9:22,LB6B32010,y
LB6B32020,RECX-1,129.2338528,-78.9459296,25,1/22/10 6:53,1/22/10 7:04,619.072,COS,PSA,G160M,1600,11616,1/22/11 9:22,LB6B32020,y
LB6B32030,RECX-1,129.2338528,-78.9459296,25,1/22/10 7:07,1/22/10 7:17,619.072,COS,PSA,G160M,1623,11616,1/22/11 9:23,LB6B32030,y
LB6B32040,RECX-1,129.2338528,-78.9459296,25,1/22/10 7:53,1/22/10 8:20,1472.384,COS,PSA,G130M,1291,11616,1/22/11 9:52,LB6B32040,y
LB6B32050,RECX-1,129.2338528,-78.9459296,25,1/22/10 8:23,1/22/10 8:50,1472.32,COS,PSA,G130M,1327,11616,1/22/11 13:16,LB6B32050,y
LB6B24010,RECX-11,131.7553529,-78.9927948,25,12/12/09 1:13,12/12/09 1:46,1904.384,COS,PSA,G130M,1327,11616,12/12/10 6:36,LB6B24010,y
LB6B24020,RECX-11,131.7553528,-78.9927948,25,12/12/09 2:15,12/12/09 2:46,1740.352,COS,PSA,G130M,1291,11616,12/12/10 6:47,LB6B24020,y
LB6B24030,RECX-11,131.7553528,-78.9927948,25,12/12/09 2:49,12/12/09 3:11,1306.176,COS,PSA,G160M,1623,11616,12/12/10 6:46,LB6B24030,y
LB6B24040,RECX-11,131.7553528,-78.9927948,25,12/12/09 3:50,12/12/09 4:17,1603.168,COS,PSA,G160M,1577,11616,12/12/10 6:47,LB6B24040,y
LB6B24050,RECX-11,131.7553528,-78.9927948,25,12/12/09 4:20,12/12/09 4:47,1604.16,COS,PSA,G160M,1600,11616,12/12/10 6:47,LB6B24050,y
LB6B17010,RECX-15,130.8267729,-79.0882437,25,2/5/10 14:57,2/5/10 16:33,2182.368,COS,PSA,G130M,1327,11616,2/5/11 19:47,LB6B17010,y
LB6B17020,RECX-15,130.8267729,-79.0882437,25,2/5/10 16:36,2/5/10 18:05,1708.32,COS,PSA,G130M,1291,11616,2/5/11 19:48,LB6B17020,y
LB6B17030,RECX-15,130.8267729,-79.0882437,25,2/5/10 18:09,2/5/10 18:30,1317.12,COS,PSA,G160M,1623,11616,2/5/11 19:58,LB6B17030,y
LB6B17040,RECX-15,130.8267729,-79.0882437,25,2/5/10 19:26,2/5/10 19:53,1592.192,COS,PSA,G160M,1577,11616,2/5/11 20:51,LB6B17040,y
LB6B17050,RECX-15,130.8267729,-79.0882437,25,2/5/10 19:56,2/5/10 20:22,1592.192,COS,PSA,G160M,1600,11616,2/6/11 1:06,LB6B17050,y
LC2H07010,RRTAU,84.8771292,26.3741778,1,12/7/12 15:37,12/7/12 16:14,1847.936,COS,PSA,G160M,1577,12996,12/7/13 18:24,LC2H07010,y
LC2H07020,RRTAU,84.8771292,26.3741778,1,12/7/12 17:07,12/7/12 17:44,1856,COS,PSA,G130M,1291,12996,12/8/13 2:32,LC2H07020,y
LC2H07030,RRTAU,84.8771292,26.3741778,1,12/7/12 18:50,12/7/12 18:53,177.984,COS,PSA,G230L,2950,12996,12/7/13 23:56,LC2H07030,y
LD2VA1010,V-RY-LUP,239.8682258,-40.3643444,3,3/16/16 7:39,3/16/16 9:58,5617.056,COS,PSA,G140L,1280,14469,6/16/16 15:47,LD2VA1010,y
LD2VA1020,V-RY-LUP,239.8682258,-40.3643444,3,3/16/16 10:43,3/16/16 11:06,1240.256,COS,PSA,G130M,1291,14469,6/16/16 16:32,LD2VA1020,y
LD2VA1030,V-RY-LUP,239.8682258,-40.3643444,3,3/16/16 11:10,3/16/16 11:33,1240.384,COS,PSA,G130M,1318,14469,6/16/16 16:34,LD2VA1030,y
LD2VA1040,V-RY-LUP,239.8682258,-40.3643444,3,3/16/16 12:18,3/16/16 12:42,1296.192,COS,PSA,G160M,1577,14469,6/16/16 16:37,LD2VA1040,y
LD2VA1050,V-RY-LUP,239.8682258,-40.3643444,3,3/16/16 12:45,3/16/16 13:09,1296.256,COS,PSA,G160M,1611,14469,6/16/16 16:37,LD2VA1050,y
LB6B31010,SCHJ0439016+2336030,69.7568196,23.6007903,25,8/29/10 14:04,8/29/10 14:19,921.088,COS,PSA,G160M,1577,11616,8/29/11 16:40,LB6B31010,y
LB6B31020,SCHJ0439016+2336030,69.7568196,23.6007903,25,8/29/10 15:05,8/29/10 15:28,1397.152,COS,PSA,G160M,1600,11616,8/29/11 17:10,LB6B31020,y
LB6B31030,SCHJ0439016+2336030,69.7568196,23.6007903,25,8/29/10 15:31,8/29/10 15:54,1397.12,COS,PSA,G160M,1623,11616,8/30/11 2:33,LB6B31030,y
LB6B31040,SCHJ0439016+2336030,69.7568196,23.6007903,25,8/29/10 16:41,8/29/10 17:30,2862.336,COS,PSA,G130M,1327,11616,8/30/11 2:40,LB6B31040,y
LB6B31050,SCHJ0439016+2336030,69.7568196,23.6007903,25,8/29/10 18:17,8/29/10 19:06,2862.368,COS,PSA,G130M,1291,11616,8/30/11 2:44,LB6B31050,y
#LB6B19010,SZ-102,242.1238029,-39.053118,25,5/29/11 17:33,5/29/11 17:40,0,COS,PSA,G130M,1291,11616,5/25/13 18:30,,y
#LB6B19020,SZ-102,242.1238029,-39.053118,25,5/29/11 17:44,5/29/11 17:51,0,COS,PSA,G130M,1300,11616,5/25/13 18:30,,y
#LB6B19030,SZ-102,242.1238029,-39.053118,25,5/29/11 18:37,5/29/11 18:44,0,COS,PSA,G130M,1327,11616,5/25/13 18:30,,y
#LB6B19040,SZ-102,242.1238029,-39.053118,25,5/29/11 18:48,5/29/11 19:03,0,COS,PSA,G160M,1577,11616,5/25/13 18:30,,y
#LB6B19050,SZ-102,242.1238029,-39.053118,25,5/29/11 19:06,5/29/11 19:21,0,COS,PSA,G160M,1600,11616,5/25/13 18:30,,y
#LB6B19060,SZ-102,242.1238029,-39.053118,25,5/29/11 20:12,5/29/11 20:27,0,COS,PSA,G160M,1623,11616,5/25/13 18:30,,y
LB6B59010,SZ-102,242.1238014,-39.0531197,25,9/17/11 15:46,9/17/11 15:53,464,COS,PSA,G130M,1291,11616,9/18/12 2:21,LB6B59010,y
LB6B59020,SZ-102,242.1238014,-39.0531197,25,9/17/11 15:57,9/17/11 16:04,464,COS,PSA,G130M,1300,11616,9/18/12 2:22,LB6B59020,y
LB6B59030,SZ-102,242.1238014,-39.0531197,25,9/17/11 16:08,9/17/11 16:15,464,COS,PSA,G130M,1327,11616,9/18/12 2:23,LB6B59030,y
LB6B59040,SZ-102,242.1238014,-39.0531197,25,9/17/11 16:19,9/17/11 16:34,882.144,COS,PSA,G160M,1577,11616,9/18/12 2:24,LB6B59040,y
LB6B59050,SZ-102,242.1238014,-39.0531197,25,9/17/11 17:16,9/17/11 17:31,882.176,COS,PSA,G160M,1600,11616,9/18/12 2:25,LB6B59050,y
LB6B59060,SZ-102,242.1238014,-39.0531197,25,9/17/11 17:34,9/17/11 17:48,882.144,COS,PSA,G160M,1623,11616,9/18/12 2:26,LB6B59060,y
LDGX06010,SZ-68,236.3035393,-34.2919192,0,7/30/18 5:15,7/30/18 10:40,10936.32,COS,PSA,G130M,1222,15070,7/30/18 13:54,LDGX06010,y
LDGXA7010,SZ-68,236.3035393,-34.2919192,0,8/1/18 6:30,8/1/18 8:42,4580.672,COS,PSA,G160M,1589,15070,8/1/18 15:12,LDGXA7010,y
LC2H09010,TORI,83.9601996,-5.4763417,1,12/6/12 14:03,12/6/12 14:38,1696,COS,PSA,G160M,1577,12996,12/7/13 2:24,LC2H09010,Herbig/Ae
LC2H09020,TORI,83.9601996,-5.4763417,1,12/6/12 15:27,12/6/12 16:04,1856.032,COS,PSA,G130M,1291,12996,12/7/13 2:31,LC2H09020,Herbig/Ae
LC2H09030,TORI,83.9601996,-5.4763417,1,12/6/12 16:09,12/6/12 16:12,180.032,COS,PSA,G230L,2950,12996,12/7/13 2:24,LC2H09030,Herbig/Ae
#LB6B29010,TWA-2,167.3030393,-30.0278094,25,12/7/09 7:07,12/7/09 7:25,954.016,COS,PSA,G130M,1291,11616,12/7/10 17:32,LB6B29010,"N, failed"
#LB6B29020,TWA-2,167.3030393,-30.0278094,25,12/7/09 7:28,12/7/09 8:28,953.952,COS,PSA,G130M,1327,11616,12/7/10 17:21,LB6B29020,"N, failed"
#LB6B29030,TWA-2,167.3030392,-30.0278094,25,12/7/09 8:32,12/7/09 8:43,642.176,COS,PSA,G160M,1577,11616,12/7/10 17:32,LB6B29030,"N, failed"
#LB6B29040,TWA-2,167.3030392,-30.0278094,25,12/7/09 8:46,12/7/09 8:56,642.176,COS,PSA,G160M,1600,11616,12/7/10 17:36,LB6B29040,"N, failed"
#LB6B29050,TWA-2,167.3030392,-30.0278094,25,12/7/09 9:00,12/7/09 9:10,642.016,COS,PSA,G160M,1623,11616,12/7/10 17:36,LB6B29050,"N, failed"
LB6B30010,TWA-7,160.6247498,-33.6713055,25,5/5/11 6:33,5/5/11 6:51,942.016,COS,PSA,G130M,1291,11616,5/5/12 9:51,LB6B30010,y
LB6B30020,TWA-7,160.6247498,-33.6713055,25,5/5/11 6:54,5/5/11 8:11,941.984,COS,PSA,G130M,1327,11616,5/5/12 10:05,LB6B30020,y
LB6B30030,TWA-7,160.6247498,-33.6713055,25,5/5/11 8:15,5/5/11 8:25,637.152,COS,PSA,G160M,1577,11616,5/5/12 11:06,LB6B30030,y
LB6B30040,TWA-7,160.6247498,-33.6713055,25,5/5/11 8:29,5/5/11 8:39,637.12,COS,PSA,G160M,1600,11616,5/5/12 11:13,LB6B30040,y
LB6B30050,TWA-7,160.6247498,-33.6713055,25,5/5/11 8:42,5/5/11 8:53,637.152,COS,PSA,G160M,1623,11616,5/5/12 11:19,LB6B30050,y
LBH201010,UZ-TAU-E,68.1799147,25.8751669,3,2/2/11 14:19,2/2/11 14:22,200.032,COS,PSA,G230L,2950,12161,2/2/12 19:25,LBH201010,y
LBH201020,UZ-TAU-E,68.1799147,25.8751669,3,2/2/11 14:27,2/2/11 15:01,1944.32,COS,PSA,G160M,1577,12161,2/2/12 19:53,LBH201020,y
LBH202010,UZ-TAU-E,68.1799152,25.8751669,3,2/6/11 3:47,2/6/11 3:51,200,COS,PSA,G230L,2950,12161,2/6/12 5:36,LBH202010,y
LBH202020,UZ-TAU-E,68.1799152,25.8751669,3,2/6/11 4:32,2/6/11 5:06,1944.352,COS,PSA,G160M,1577,12161,2/6/12 9:37,LBH202020,y
LBH203010,UZ-TAU-E,68.1799158,25.8751668,3,2/11/11 14:29,2/11/11 14:33,200,COS,PSA,G230L,2950,12161,2/11/12 22:02,LBH203010,y
LBH203020,UZ-TAU-E,68.1799159,25.8751668,3,2/11/11 14:37,2/11/11 16:10,1944.288,COS,PSA,G160M,1577,12161,2/11/12 22:35,LBH203020,y
LBH204010,UZ-TAU-E,68.1799164,25.8751668,3,2/16/11 0:15,2/16/11 0:19,200,COS,PSA,G230L,2950,12161,2/16/12 4:02,LBH204010,y
LBH204020,UZ-TAU-E,68.1799164,25.8751668,3,2/16/11 1:03,2/16/11 1:37,1944.224,COS,PSA,G160M,1577,12161,2/16/12 6:33,LBH204020,y
LBH205010,UZ-TAU-E,68.1799171,25.8751668,3,2/21/11 5:45,2/21/11 5:48,200.032,COS,PSA,G230L,2950,12161,2/21/12 8:45,LBH205010,y
LBH205020,UZ-TAU-E,68.1799171,25.8751668,3,2/21/11 5:53,2/21/11 6:27,1944.288,COS,PSA,G160M,1577,12161,2/21/12 10:37,LBH205020,y
LBH206010,UZ-TAU-E,68.1799176,25.8751667,3,2/25/11 7:11,2/25/11 7:14,200,COS,PSA,G230L,2950,12161,2/25/12 11:21,LBH206010,y
LBH206020,UZ-TAU-E,68.1799176,25.8751667,3,2/25/11 7:18,2/25/11 7:53,1944.32,COS,PSA,G160M,1577,12161,2/25/12 11:52,LBH206020,y
LBH207010,UZ-TAU-E,68.1799183,25.8751667,3,3/3/11 2:08,3/3/11 2:12,200,COS,PSA,G230L,2950,12161,3/3/12 12:43,LBH207010,y
LBH207020,UZ-TAU-E,68.1799183,25.8751667,3,3/3/11 2:16,3/3/11 2:51,1944.288,COS,PSA,G160M,1577,12161,3/3/12 13:25,LBH207020,y
LBH208010,UZ-TAU-E,68.1799188,25.8751667,3,3/6/11 22:40,3/6/11 22:43,0,COS,PSA,G230L,2950,12161,3/7/12 13:26,,y
LBH208020,UZ-TAU-E,68.1799188,25.8751667,3,3/6/11 22:48,3/6/11 23:22,1944.288,COS,PSA,G160M,1577,12161,3/7/12 16:42,LBH208020,y
LBH209010,UZ-TAU-E,68.1799196,25.8751666,3,3/12/11 22:35,3/12/11 22:38,0,COS,PSA,G230L,2950,12161,3/13/12 2:56,,y
LBH209020,UZ-TAU-E,68.1799196,25.8751666,3,3/12/11 22:43,3/13/11 0:18,1944.352,COS,PSA,G160M,1577,12161,3/13/12 10:16,LBH209020,y
LBH210010,UZ-TAU-E,68.17992,25.8751666,3,3/16/11 4:48,3/16/11 4:51,200.032,COS,PSA,G230L,2950,12161,3/16/12 21:23,LBH210010,y
LBH210020,UZ-TAU-E,68.17992,25.8751666,3,3/16/11 4:56,3/16/11 5:30,1944.352,COS,PSA,G160M,1577,12161,3/16/12 22:52,LBH210020,y
LBH211010,UZ-TAU-E,68.1799208,25.8751666,3,3/22/11 12:24,3/22/11 12:28,200,COS,PSA,G230L,2950,12161,3/22/12 21:20,LBH211010,y
LBH211020,UZ-TAU-E,68.1799208,25.8751666,3,3/22/11 12:32,3/22/11 13:07,1944.288,COS,PSA,G160M,1577,12161,3/22/12 21:58,LBH211020,y
LBH212010,UZ-TAU-E,68.1799212,25.8751666,3,3/25/11 23:37,3/25/11 23:40,200,COS,PSA,G230L,2950,12161,3/26/12 1:50,LBH212010,y
LBH212020,UZ-TAU-E,68.1799212,25.8751666,3,3/25/11 23:44,3/26/11 1:21,1944.16,COS,PSA,G160M,1577,12161,3/26/12 2:46,LBH212020,y
LBH225010,UZ-TAU-E,68.1799232,25.8751665,3,4/10/11 7:09,4/10/11 7:13,200,COS,PSA,G230L,2950,12161,4/10/12 11:58,LBH225010,y
LBH225020,UZ-TAU-E,68.1799232,25.8751665,3,4/10/11 7:17,4/10/11 7:52,1944.384,COS,PSA,G160M,1577,12161,4/10/12 12:34,LBH225020,y
LBH226010,UZ-TAU-E,68.179922,25.8751665,3,4/1/11 1:01,4/1/11 1:04,200,COS,PSA,G230L,2950,12161,4/1/12 4:20,LBH226010,y
LBH226020,UZ-TAU-E,68.179922,25.8751665,3,4/1/11 1:08,4/1/11 1:43,1944.256,COS,PSA,G160M,1577,12161,4/1/12 4:48,LBH226020,y
LB6B07010,V-AA-TAU,68.7309275,24.4813355,25,1/6/11 20:30,1/6/11 20:54,1418.176,COS,PSA,G160M,1577,11616,1/7/12 0:59,LB6B07010,y
LB6B07020,V-AA-TAU,68.7309275,24.4813355,25,1/6/11 21:40,1/6/11 22:03,1387.168,COS,PSA,G160M,1600,11616,1/7/12 1:02,LB6B07020,y
LB6B07030,V-AA-TAU,68.7309275,24.4813355,25,1/6/11 22:06,1/6/11 22:29,1387.136,COS,PSA,G160M,1623,11616,1/7/12 1:05,LB6B07030,y
LB6B07040,V-AA-TAU,68.7309275,24.4813355,25,1/6/11 23:15,1/7/11 0:05,2844.32,COS,PSA,G130M,1327,11616,1/7/12 4:11,LB6B07040,y
LB6B07050,V-AA-TAU,68.7309275,24.4813355,25,1/7/11 0:51,1/7/11 1:41,2844.352,COS,PSA,G130M,1291,11616,1/7/12 4:18,LB6B07050,y
LBZ401010,V-AA-TAU,68.7309397,24.4813798,4,2/5/13 3:37,2/5/13 8:52,10555.616,COS,PSA,G130M,1222,12876,2/5/14 14:43,LBZ401010,y
LBZ402010,V-AA-TAU,68.7309397,24.4813798,4,2/5/13 22:46,2/6/13 2:24,7597.376,COS,PSA,G130M,1222,12876,2/6/14 4:51,LBZ402010,y
LBZ402020,V-AA-TAU,68.7309397,24.4813798,4,2/6/13 3:11,2/6/13 4:00,2956.16,COS,PSA,G160M,1577,12876,2/6/14 8:12,LBZ402020,y
LBZ402030,V-AA-TAU,68.7309397,24.4813798,4,2/6/13 4:46,2/6/13 5:10,1400.192,COS,PSA,G160M,1589,12876,2/6/14 8:15,LBZ402030,y
LBZ402040,V-AA-TAU,68.7309397,24.4813798,4,2/6/13 5:13,2/6/13 5:36,1384.128,COS,PSA,G160M,1611,12876,2/6/14 8:18,LBZ402040,y
LBZ402050,V-AA-TAU,68.7309397,24.4813798,4,2/6/13 6:22,2/6/13 7:11,2958.176,COS,PSA,G160M,1623,12876,2/6/14 10:54,LBZ402050,y
LDGX01010,V-AA-TAU,68.7309415,24.4813554,0,2/5/19 2:20,2/5/19 9:09,12780.608,COS,PSA,G130M,1222,15070,2/5/19 14:10,LDGX01010,y
LDGXA2010,V-AA-TAU,68.7309415,24.4813553,0,2/6/19 5:22,2/6/19 5:48,1389.312,COS,PSA,G160M,1589,15070,2/6/19 11:16,LDGXA2010,y
LDGXA2020,V-AA-TAU,68.7309415,24.4813553,0,2/6/19 6:37,2/6/19 7:23,2416.352,COS,PSA,G160M,1577,15070,2/6/19 11:21,LDGXA2020,y
LCA603010,V-AK-SCO,253.6868265,-36.8886117,2,8/5/14 10:52,8/5/14 11:08,1000.192,COS,PSA,G130M,1309,13372,8/6/15 0:40,LCA603010,He/Be
LCA603020,V-AK-SCO,253.6868265,-36.8886117,2,8/5/14 11:12,8/5/14 11:33,1260.16,COS,PSA,G160M,1589,13372,8/6/15 0:41,LCA603020,He/Be
LCA603030,V-AK-SCO,253.6868265,-36.8886117,2,8/5/14 12:27,8/5/14 12:56,1600.32,COS,PSA,G160M,1600,13372,8/6/15 0:47,LCA603030,He/Be
LCA603040,V-AK-SCO,253.6868265,-36.8886117,2,8/5/14 12:59,8/5/14 13:17,1037.184,COS,PSA,G130M,1300,13372,8/6/15 0:45,LCA603040,He/Be
LCA603050,V-AK-SCO,253.6868265,-36.8886117,2,8/5/14 14:03,8/5/14 14:31,1600.288,COS,PSA,G160M,1611,13372,8/6/15 0:51,LCA603050,He/Be
LCA603060,V-AK-SCO,253.6868265,-36.8886117,2,8/5/14 14:35,8/5/14 14:52,1035.2,COS,PSA,G130M,1291,13372,8/6/15 0:49,LCA603060,He/Be
LCA603070,V-AK-SCO,253.6868265,-36.8886117,2,8/5/14 15:38,8/5/14 16:07,1600.384,COS,PSA,G160M,1611,13372,8/6/15 0:56,LCA603070,He/Be
LCA603080,V-AK-SCO,253.6868265,-36.8886117,2,8/5/14 16:11,8/5/14 16:28,1035.2,COS,PSA,G130M,1318,13372,8/6/15 0:54,LCA603080,He/Be
LCA603090,V-AK-SCO,253.6868265,-36.8886117,2,8/5/14 17:14,8/5/14 17:42,1600.384,COS,PSA,G160M,1600,13372,8/6/15 0:59,LCA603090,He/Be
LCA6030A0,V-AK-SCO,253.6868265,-36.8886117,2,8/5/14 17:46,8/5/14 18:03,1035.2,COS,PSA,G130M,1309,13372,8/6/15 1:00,LCA6030A0,He/Be
LCA6030B0,V-AK-SCO,253.6868265,-36.8886117,2,8/5/14 18:49,8/5/14 19:18,1600.32,COS,PSA,G160M,1589,13372,8/6/15 1:04,LCA6030B0,He/Be
LCA6030C0,V-AK-SCO,253.6868265,-36.8886117,2,8/5/14 19:22,8/5/14 19:39,1035.2,COS,PSA,G130M,1300,13372,8/6/15 1:02,LCA6030C0,He/Be
LCA6030D0,V-AK-SCO,253.6868265,-36.8886117,2,8/5/14 20:25,8/5/14 20:53,1600.352,COS,PSA,G160M,1611,13372,8/6/15 1:09,LCA6030D0,He/Be
LCA6030E0,V-AK-SCO,253.6868265,-36.8886117,2,8/5/14 20:57,8/5/14 21:14,1035.168,COS,PSA,G130M,1309,13372,8/6/15 1:07,LCA6030E0,He/Be
LBGJ01050,V-BP-TAU,64.815985,29.1073535,11,9/9/11 10:25,9/9/11 10:44,1150.176,COS,PSA,G130M,1291,12036,9/9/12 14:04,LBGJ01050,y
LBGJ01060,V-BP-TAU,64.815985,29.1073535,11,9/9/11 11:52,9/9/11 12:11,1190.208,COS,PSA,G130M,1300,12036,9/9/12 19:42,LBGJ01060,y
LBGJ01070,V-BP-TAU,64.815985,29.1073535,11,9/9/11 13:26,9/9/11 13:50,1397.184,COS,PSA,G130M,1309,12036,9/9/12 19:43,LBGJ01070,y
LBGJ01080,V-BP-TAU,64.815985,29.1073535,11,9/9/11 15:03,9/9/11 15:27,1396.192,COS,PSA,G130M,1318,12036,9/9/12 19:45,LBGJ01080,y
LBGJ01090,V-BP-TAU,64.815985,29.1073535,11,9/9/11 16:40,9/9/11 17:02,1339.168,COS,PSA,G160M,1589,12036,9/9/12 19:46,LBGJ01090,y
LBGJ010A0,V-BP-TAU,64.815985,29.1073535,11,9/9/11 17:05,9/9/11 17:27,1340.16,COS,PSA,G160M,1600,12036,9/9/12 19:47,LBGJ010A0,y
LBGJ010B0,V-BP-TAU,64.815985,29.1073535,11,9/9/11 18:15,9/9/11 18:38,1354.176,COS,PSA,G160M,1611,12036,9/9/12 19:49,LBGJ010B0,y
LBGJ010C0,V-BP-TAU,64.815985,29.1073535,11,9/9/11 18:41,9/9/11 19:03,1365.184,COS,PSA,G160M,1623,12036,9/9/12 23:45,LBGJ010C0,y
LBGJ01Z2Q,V-BP-TAU,64.815985,29.1073535,11,9/9/11 10:17,9/9/11 10:19,119,COS,PSA,G130M,1309,12036,9/9/12 11:46,,y
LBGJ01Z3Q,V-BP-TAU,64.815985,29.1073535,11,9/9/11 10:22,9/9/11 10:22,2,COS,PSA,G130M,1309,12036,9/9/12 11:47,,y
LB6B16010,V-CS-CHA,165.6049952,-77.5600915,25,6/1/11 17:53,6/1/11 19:11,1177.984,COS,PSA,G130M,1291,11616,6/1/12 22:06,LB6B16010,y
LB6B16020,V-CS-CHA,165.6049952,-77.5600915,25,6/1/11 19:14,6/1/11 19:37,1177.984,COS,PSA,G130M,1327,11616,6/1/12 22:09,LB6B16020,y
LB6B16030,V-CS-CHA,165.6049952,-77.5600915,25,6/1/11 19:41,6/1/11 19:53,718.144,COS,PSA,G160M,1577,11616,6/1/12 22:10,LB6B16030,y
LB6B16040,V-CS-CHA,165.6049952,-77.5600915,25,6/1/11 20:37,6/1/11 20:49,718.176,COS,PSA,G160M,1600,11616,6/2/12 2:08,LB6B16040,y
LB6B16050,V-CS-CHA,165.6049952,-77.5600915,25,6/1/11 20:52,6/1/11 21:04,718.144,COS,PSA,G160M,1623,11616,6/2/12 2:10,LB6B16050,y
LDGX03010,V-CW-TAU,63.5709318,28.1825962,0,12/15/17 17:30,12/16/17 0:16,12546.528,COS,PSA,G130M,1222,15070,12/16/17 12:04,LDGX03010,y
LDGX05010,V-CW-TAU,63.5709319,28.1825961,0,12/16/17 9:23,12/16/17 10:46,1350.016,COS,PSA,G160M,1589,15070,12/17/17 3:18,LDGX05010,y
LDGX05020,V-CW-TAU,63.5709319,28.1825961,0,12/16/17 10:50,12/16/17 12:21,2199.584,COS,PSA,G160M,1577,15070,12/17/17 3:22,LDGX05020,y
LB6B08010,V-DE-TAU,65.4820254,27.9183629,25,8/20/10 12:23,8/20/10 13:47,1033.984,COS,PSA,G130M,1291,11616,8/20/11 15:32,LB6B08010,y
LB6B08020,V-DE-TAU,65.4820254,27.9183629,25,8/20/10 13:50,8/20/10 14:09,1033.984,COS,PSA,G130M,1327,11616,8/20/11 18:24,LB6B08020,y
LB6B08030,V-DE-TAU,65.4820254,27.9183629,25,8/20/10 15:14,8/20/10 15:24,617.152,COS,PSA,G160M,1577,11616,8/20/11 18:25,LB6B08030,y
LB6B08040,V-DE-TAU,65.4820254,27.9183629,25,8/20/10 15:27,8/20/10 15:38,617.184,COS,PSA,G160M,1600,11616,8/20/11 18:28,LB6B08040,y
LB6B08050,V-DE-TAU,65.4820254,27.9183629,25,8/20/10 15:41,8/20/10 15:51,617.088,COS,PSA,G160M,1623,11616,8/20/11 18:30,LB6B08050,y
LB3Q02030,V-DF-TAU,66.7616919,25.7061293,18,1/11/10 7:10,1/11/10 7:26,1000.192,COS,PSA,G130M,1291,11533,1/11/11 23:47,LB3Q02030,y
LB3Q02040,V-DF-TAU,66.7616919,25.7061293,18,1/11/10 8:20,1/11/10 8:37,1001.216,COS,PSA,G130M,1300,11533,1/11/11 23:47,LB3Q02040,y
LB3Q02050,V-DF-TAU,66.7616919,25.7061293,18,1/11/10 8:40,1/11/10 9:04,1410.208,COS,PSA,G130M,1309,11533,1/11/11 23:49,LB3Q02050,y
LB3Q02060,V-DF-TAU,66.7616919,25.7061293,18,1/11/10 9:56,1/11/10 10:19,1416.192,COS,PSA,G130M,1318,11533,1/11/11 23:51,LB3Q02060,y
LB3Q02070,V-DF-TAU,66.7616919,25.7061293,18,1/11/10 10:24,1/11/10 10:48,1408.192,COS,PSA,G160M,1589,11533,1/11/11 23:52,LB3Q02070,y
LB3Q02080,V-DF-TAU,66.7616919,25.7061293,18,1/11/10 11:32,1/11/10 11:55,1408.192,COS,PSA,G160M,1600,11533,1/11/11 23:53,LB3Q02080,y
LB3Q02090,V-DF-TAU,66.7616919,25.7061293,18,1/11/10 12:00,1/11/10 12:23,1408.192,COS,PSA,G160M,1611,11533,1/11/11 18:57,LB3Q02090,y
LB3Q020A0,V-DF-TAU,66.7616919,25.7061293,18,1/11/10 13:07,1/11/10 13:29,1324.192,COS,PSA,G160M,1623,11533,1/12/11 18:23,LB3Q020A0,y
LB6B12010,V-DK-TAU,67.684378,26.0234673,25,2/4/10 19:11,2/4/10 19:26,791.968,COS,PSA,G130M,1291,11616,2/5/11 0:35,LB6B12010,y
LB6B12020,V-DK-TAU,67.684378,26.0234673,25,2/4/10 19:29,2/4/10 20:32,793.024,COS,PSA,G130M,1327,11616,2/5/11 0:36,LB6B12020,y
LB6B12030,V-DK-TAU,67.684378,26.0234673,25,2/4/10 20:36,2/4/10 20:47,657.12,COS,PSA,G160M,1577,11616,2/5/11 0:36,LB6B12030,y
LB6B12040,V-DK-TAU,67.684378,26.0234673,25,2/4/10 20:50,2/4/10 21:01,657.152,COS,PSA,G160M,1600,11616,2/5/11 0:36,LB6B12040,y
LB6B12050,V-DK-TAU,67.684378,26.0234673,25,2/4/10 21:04,2/4/10 21:15,657.12,COS,PSA,G160M,1623,11616,2/5/11 4:50,LB6B12050,y
LB6B02010,V-DM-TAU,68.4530741,18.1693595,25,8/22/10 15:19,8/22/10 15:51,1812.384,COS,PSA,G130M,1327,11616,8/22/11 20:38,LB6B02010,y
LB6B02020,V-DM-TAU,68.4530741,18.1693595,25,8/22/10 16:50,8/22/10 17:20,1646.336,COS,PSA,G130M,1291,11616,8/22/11 20:43,LB6B02020,y
LB6B02030,V-DM-TAU,68.4530741,18.1693595,25,8/22/10 17:23,8/22/10 17:40,978.176,COS,PSA,G160M,1577,11616,8/22/11 20:43,LB6B02030,y
LB6B02040,V-DM-TAU,68.4530741,18.1693595,25,8/22/10 18:26,8/22/10 18:49,1396.128,COS,PSA,G160M,1600,11616,8/22/11 20:46,LB6B02040,y
LB6B02050,V-DM-TAU,68.4530741,18.1693595,25,8/22/10 18:52,8/22/10 19:16,1396.16,COS,PSA,G160M,1623,11616,8/22/11 20:47,LB6B02050,y
LB6B04010,V-DN-TAU,68.8643395,24.2497512,25,9/10/11 15:38,9/10/11 16:49,1252.32,COS,PSA,G130M,1327,11616,9/11/12 1:49,LB6B04010,y
LB6B04020,V-DN-TAU,68.8643395,24.2497512,25,9/10/11 16:52,9/10/11 17:22,1651.36,COS,PSA,G130M,1291,11616,9/11/12 1:52,LB6B04020,y
LB6B04030,V-DN-TAU,68.8643395,24.2497512,25,9/10/11 18:14,9/10/11 18:30,965.12,COS,PSA,G160M,1623,11616,9/11/12 1:53,LB6B04030,y
LB6B04040,V-DN-TAU,68.8643395,24.2497512,25,9/10/11 18:34,9/10/11 18:57,1387.136,COS,PSA,G160M,1577,11616,9/11/12 1:54,LB6B04040,y
LB6B04050,V-DN-TAU,68.8643395,24.2497512,25,9/10/11 19:50,9/10/11 20:13,1387.168,COS,PSA,G160M,1600,11616,9/11/12 1:56,LB6B04050,y
LB6B14010,V-DR-TAU,71.7759354,16.9785003,25,2/15/10 11:08,2/15/10 11:18,582.016,COS,PSA,G160M,1577,11616,2/15/11 17:29,LB6B14010,y
LB6B14020,V-DR-TAU,71.7759354,16.9785003,25,2/15/10 12:04,2/15/10 12:14,581.952,COS,PSA,G160M,1600,11616,2/15/11 17:29,LB6B14020,y
LB6B14030,V-DR-TAU,71.7759354,16.9785003,25,2/15/10 12:17,2/15/10 12:27,581.984,COS,PSA,G160M,1623,11616,2/15/11 17:29,LB6B14030,y
LB6B14040,V-DR-TAU,71.7759354,16.9785003,25,2/15/10 12:31,2/15/10 12:47,851.936,COS,PSA,G130M,1291,11616,2/15/11 17:40,LB6B14040,y
LB6B14050,V-DR-TAU,71.7759354,16.9785003,25,2/15/10 13:40,2/15/10 13:56,852.032,COS,PSA,G130M,1327,11616,2/15/11 17:40,LB6B14050,y
#LBZ403010,V-ET-CHA,130.8268564,-79.088281,4,7/13/13 15:26,7/13/13 20:48,0,COS,PSA,G130M,1222,12876,7/14/14 0:00,,y
#LBZ403020,V-ET-CHA,130.8268564,-79.088281,4,7/13/13 21:28,7/13/13 21:53,0,COS,PSA,G160M,1577,12876,7/14/14 1:34,,y
#LBZ403030,V-ET-CHA,130.8268564,-79.088281,4,7/13/13 21:56,7/13/13 22:23,0,COS,PSA,G160M,1589,12876,7/14/14 1:36,,y
#LBZ403040,V-ET-CHA,130.8268564,-79.088281,4,7/13/13 23:03,7/13/13 23:28,0,COS,PSA,G160M,1611,12876,7/14/14 1:38,,y
#LBZ403050,V-ET-CHA,130.8268564,-79.088281,4,7/13/13 23:31,7/13/13 23:59,0,COS,PSA,G160M,1623,12876,7/14/14 1:39,,y
LBZ453010,V-ET-CHA,130.8268637,-79.0882803,4,9/21/13 6:16,9/21/13 11:31,12181.728,COS,PSA,G130M,1222,12876,9/21/14 17:41,LBZ453010,y
LBZ453020,V-ET-CHA,130.8268637,-79.0882803,4,9/21/13 12:11,9/21/13 12:36,1500.16,COS,PSA,G160M,1577,12876,9/21/14 17:36,LBZ453020,y
LBZ453030,V-ET-CHA,130.8268637,-79.0882803,4,9/21/13 12:39,9/21/13 13:07,1661.152,COS,PSA,G160M,1589,12876,9/21/14 17:42,LBZ453030,y
LBZ453040,V-ET-CHA,130.8268637,-79.0882803,4,9/21/13 13:47,9/21/13 14:12,1500.16,COS,PSA,G160M,1611,12876,9/21/14 17:43,LBZ453040,y
LBZ453050,V-ET-CHA,130.8268637,-79.0882803,4,9/21/13 14:15,9/21/13 14:42,1663.168,COS,PSA,G160M,1623,12876,9/21/14 17:44,LBZ453050,y
#LB6B10010,V-FM-TAU,63.5565122,28.2135672,25,9/21/11 13:33,9/21/11 13:56,0,COS,PSA,G160M,1577,11616,5/25/13 18:30,,y
#LB6B10020,V-FM-TAU,63.5565122,28.2135672,25,9/21/11 14:41,9/21/11 15:05,0,COS,PSA,G160M,1600,11616,5/25/13 18:30,,y
#LB6B10030,V-FM-TAU,63.5565122,28.2135672,25,9/21/11 15:08,9/21/11 15:31,0,COS,PSA,G160M,1623,11616,5/25/13 18:30,,y
#LB6B10040,V-FM-TAU,63.5565122,28.2135672,25,9/21/11 16:17,9/21/11 17:07,0,COS,PSA,G130M,1327,11616,5/25/13 18:30,,y
#LB6B10050,V-FM-TAU,63.5565122,28.2135672,25,9/21/11 17:53,9/21/11 18:43,0,COS,PSA,G130M,1291,11616,5/25/13 18:30,,y
LB6B01010,V-GM-AUR,73.7957459,30.3664218,25,8/19/10 14:07,8/19/10 15:26,1064.032,COS,PSA,G130M,1291,11616,8/19/11 23:44,LB6B01010,y
LB6B01020,V-GM-AUR,73.7957459,30.3664218,25,8/19/10 15:30,8/19/10 15:51,1064,COS,PSA,G130M,1327,11616,8/20/11 0:14,LB6B01020,y
LB6B01030,V-GM-AUR,73.7957459,30.3664218,25,8/19/10 16:53,8/19/10 17:04,620.192,COS,PSA,G160M,1577,11616,8/20/11 0:00,LB6B01030,y
LB6B01040,V-GM-AUR,73.7957459,30.3664218,25,8/19/10 17:07,8/19/10 17:17,620.192,COS,PSA,G160M,1600,11616,8/20/11 0:03,LB6B01040,y
LB6B01050,V-GM-AUR,73.7957459,30.3664218,25,8/19/10 17:20,8/19/10 17:31,620.192,COS,PSA,G160M,1623,11616,8/20/11 0:07,LB6B01050,y
LDGX13010,V-HK-ORI,82.866872,12.1528528,0,3/10/18 7:05,3/10/18 10:48,7758.592,COS,PSA,G130M,1222,15070,3/10/18 14:36,LDGX13010,y
LDGXA4010,V-HK-ORI,82.866872,12.1528528,0,3/11/18 6:55,3/11/18 7:25,1376.096,COS,PSA,G160M,1577,15070,3/11/18 13:44,LDGXA4010,y
LB6B09010,V-HN-TAU,68.4140616,17.8644739,25,2/10/10 12:49,2/10/10 14:08,1736.352,COS,PSA,G160M,1577,11616,2/10/11 17:30,LB6B09010,y
LB6B09020,V-HN-TAU,68.4140616,17.8644739,25,2/10/10 14:11,2/10/10 14:35,1396.16,COS,PSA,G160M,1600,11616,2/10/11 17:30,LB6B09020,y
LB6B09030,V-HN-TAU,68.4140616,17.8644739,25,2/10/10 15:32,2/10/10 15:55,1396.16,COS,PSA,G160M,1623,11616,2/11/11 0:56,LB6B09030,y
LB6B09040,V-HN-TAU,68.4140616,17.8644739,25,2/10/10 17:01,2/10/10 17:50,2862.368,COS,PSA,G130M,1327,11616,2/11/11 1:06,LB6B09040,y
LB6B09050,V-HN-TAU,68.4140616,17.8644739,25,2/10/10 18:37,2/10/10 19:26,2862.368,COS,PSA,G130M,1291,11616,2/11/11 1:07,LB6B09050,y
LB6B05010,V-IP-TAU,66.2381014,27.199009,25,3/21/11 8:11,3/21/11 8:31,1179.136,COS,PSA,G160M,1577,11616,3/21/12 10:02,LB6B05010,y
LB6B05020,V-IP-TAU,66.2381014,27.199009,25,3/21/11 9:15,3/21/11 9:31,972.192,COS,PSA,G160M,1600,11616,3/21/12 11:00,LB6B05020,y
LB6B05030,V-IP-TAU,66.2381014,27.199009,25,3/21/11 9:34,3/21/11 9:50,972.128,COS,PSA,G160M,1623,11616,3/21/12 11:05,LB6B05030,y
LB6B05040,V-IP-TAU,66.2381014,27.199009,25,3/21/11 9:54,3/21/11 11:04,1439.36,COS,PSA,G130M,1291,11616,3/21/12 12:39,LB6B05040,y
LB6B05050,V-IP-TAU,66.2381014,27.199009,25,3/21/11 11:08,3/21/11 11:40,1852.384,COS,PSA,G130M,1327,11616,3/21/12 15:55,LB6B05050,y
LBGJ02040,V-RU-LUPI,239.1762556,-37.8210382,11,7/20/11 7:01,7/20/11 7:09,489.152,COS,PSA,G130M,1291,12036,7/20/12 19:09,LBGJ02040,y
#LBGJ02050,V-RU-LUPI,239.1762556,-37.8210382,11,7/20/11 7:24,7/20/11 7:34,572.16,COS,PSA,G130M,1300,12036,7/20/12 19:08,LBGJ02050,y
#LBGJ02060,V-RU-LUPI,239.1762556,-37.8210382,11,7/20/11 8:25,7/20/11 8:26,64.064,COS,PSA,G130M,1309,12036,7/20/12 19:09,LBGJ02060,y
#LBGJ02070,V-RU-LUPI,239.1762556,-37.8210382,11,7/20/11 8:51,7/20/11 9:14,0,COS,PSA,G130M,1318,12036,5/25/13 18:30,,y
#LBGJ02080,V-RU-LUPI,239.1762556,-37.8210382,11,7/20/11 10:02,7/20/11 10:11,574.144,COS,PSA,G160M,1589,12036,7/21/12 17:47,LBGJ02080,y
#LBGJ02090,V-RU-LUPI,239.1762556,-37.8210382,11,7/20/11 10:27,7/20/11 10:28,55.136,COS,PSA,G160M,1600,12036,7/21/12 17:47,LBGJ02090,y
#LBGJ020A0,V-RU-LUPI,239.1762556,-37.8210382,11,7/20/11 11:37,7/20/11 12:00,1381.184,COS,PSA,G160M,1611,12036,7/21/12 17:47,LBGJ020A0,y
#LBGJ020B0,V-RU-LUPI,239.1762556,-37.8210382,11,7/20/11 12:03,7/20/11 12:20,1003.104,COS,PSA,G160M,1623,12036,7/21/12 17:47,LBGJ020B0,y
#LBGJ02TOQ,V-RU-LUPI,239.1762556,-37.8210382,11,7/20/11 6:53,7/20/11 6:55,116,COS,PSA,G130M,1309,12036,7/20/12 18:52,,y
#LBGJ02TPQ,V-RU-LUPI,239.1762556,-37.8210382,11,7/20/11 6:56,7/20/11 6:56,3,COS,PSA,G130M,1309,12036,7/20/12 18:52,,y
LBGJ53040,V-RU-LUPI,239.1762533,-37.8210421,11,2/28/12 15:41,2/28/12 16:01,1199.168,COS,PSA,G130M,1291,12036,2/28/13 0:08,LBGJ53040,y
LBGJ53050,V-RU-LUPI,239.1762533,-37.8210421,11,2/28/12 16:04,2/28/12 16:24,1183.2,COS,PSA,G130M,1300,12036,2/28/13 0:09,LBGJ53050,y
LBGJ53060,V-RU-LUPI,239.1762533,-37.8210421,11,2/28/12 17:07,2/28/12 17:30,1380.192,COS,PSA,G130M,1309,12036,2/28/13 0:10,LBGJ53060,y
LBGJ53070,V-RU-LUPI,239.1762533,-37.8210421,11,2/28/12 17:33,2/28/12 17:56,1383.168,COS,PSA,G130M,1318,12036,2/28/13 0:12,LBGJ53070,y
LBGJ53080,V-RU-LUPI,239.1762533,-37.8210421,11,2/28/12 18:44,2/28/12 19:07,1361.216,COS,PSA,G160M,1589,12036,2/28/13 0:14,LBGJ53080,y
LBGJ53090,V-RU-LUPI,239.1762533,-37.8210421,11,2/28/12 19:10,2/28/12 19:32,1362.208,COS,PSA,G160M,1600,12036,2/28/13 0:15,LBGJ53090,y
LBGJ530A0,V-RU-LUPI,239.1762533,-37.8210421,11,2/28/12 20:19,2/28/12 20:42,1381.184,COS,PSA,G160M,1611,12036,2/28/13 0:16,LBGJ530A0,y
LBGJ530B0,V-RU-LUPI,239.1762533,-37.8210421,11,2/28/12 20:45,2/28/12 21:08,1382.176,COS,PSA,G160M,1623,12036,2/28/13 0:18,LBGJ530B0,y
LBGJ53LHQ,V-RU-LUPI,239.1762533,-37.8210421,11,2/28/12 15:33,2/28/12 15:35,116,COS,PSA,G130M,1309,12036,2/28/13 16:38,,y
LBGJ53LIQ,V-RU-LUPI,239.1762533,-37.8210421,11,2/28/12 15:38,2/28/12 15:38,3,COS,PSA,G130M,1309,12036,2/28/13 16:38,,y
LBZ404010,V-RW-AUR,76.9565625,30.401362,4,8/29/13 15:19,8/29/13 20:29,10467.744,COS,PSA,G130M,1222,12876,8/29/14 23:47,LBZ404010,y
LBZ404020,V-RW-AUR,76.9565625,30.401362,4,8/29/13 21:15,8/29/13 21:40,1500.192,COS,PSA,G160M,1577,12876,8/29/14 23:43,LBZ404020,y
LBZ404030,V-RW-AUR,76.9565625,30.401362,4,8/29/13 21:43,8/29/13 22:04,1305.216,COS,PSA,G160M,1589,12876,8/30/14 3:56,LBZ404030,y
LBZ404040,V-RW-AUR,76.9565625,30.401362,4,8/29/13 22:50,8/29/13 23:15,1500.192,COS,PSA,G160M,1611,12876,8/30/14 3:58,LBZ404040,y
LBZ404050,V-RW-AUR,76.9565625,30.401362,4,8/29/13 23:18,8/29/13 23:40,1307.168,COS,PSA,G160M,1623,12876,8/30/14 3:59,LBZ404050,y
LB6B11010,V-SU-AUR,73.9974479,30.5670057,25,3/25/11 8:01,3/25/11 8:12,622.144,COS,PSA,G160M,1577,11616,3/25/12 18:17,LB6B11010,y
LB6B11020,V-SU-AUR,73.9974479,30.5670057,25,3/25/11 8:15,3/25/11 8:25,622.144,COS,PSA,G160M,1600,11616,3/25/12 18:28,LB6B11020,y
LB6B11030,V-SU-AUR,73.9974479,30.5670057,25,3/25/11 9:06,3/25/11 9:15,515.008,COS,PSA,G160M,1623,11616,3/25/12 18:37,LB6B11030,y
LB6B11040,V-SU-AUR,73.9974479,30.5670057,25,3/25/11 9:19,3/25/11 9:36,894.048,COS,PSA,G130M,1291,11616,3/25/12 18:51,LB6B11040,y
LB6B11050,V-SU-AUR,73.9974479,30.5670057,25,3/25/11 9:39,3/25/11 9:56,894.016,COS,PSA,G130M,1327,11616,3/25/12 19:10,LB6B11050,y
LDGX08010,V-T-CRA,285.4949429,-36.9639992,0,10/2/18 9:42,10/2/18 14:56,10544.544,COS,PSA,G130M,1222,15070,10/2/18 19:21,LDGX08010,He/Be
LDGXA9010,V-T-CRA,285.4949429,-36.9639992,0,10/2/18 17:39,10/2/18 18:06,0,COS,PSA,G160M,1589,15070,10/2/18 19:16,,He/Be
LDGXA9020,V-T-CRA,285.4949429,-36.9639992,0,10/2/18 18:52,10/2/18 19:41,0,COS,PSA,G160M,1577,15070,10/2/18 21:18,,He/Be
LBL201010,V-TW-HYA,165.4660182,-34.7047683,2,4/10/11 9:08,4/10/11 9:16,519.008,COS,PSA,G285M,2676,12315,4/10/12 12:05,LBL201010,y
LBL201020,V-TW-HYA,165.4660182,-34.7047683,2,4/10/11 9:21,4/10/11 9:51,1560,COS,PSA,G160M,1577,12315,4/10/12 12:51,LBL201020,y
LBL201030,V-TW-HYA,165.4660182,-34.7047683,2,4/10/11 10:29,4/10/11 10:40,628.192,COS,PSA,G285M,2676,12315,4/10/12 12:51,LBL201030,y
LBL201040,V-TW-HYA,165.4660182,-34.7047683,2,4/10/11 10:44,4/10/11 11:19,1890.592,COS,PSA,G160M,1577,12315,4/10/12 22:54,LBL201040,y
LBL201050,V-TW-HYA,165.4660182,-34.7047683,2,4/10/11 12:11,4/10/11 12:21,628.192,COS,PSA,G285M,2676,12315,4/10/12 22:20,LBL201050,y
LBL201060,V-TW-HYA,165.4660182,-34.7047683,2,4/10/11 12:25,4/10/11 13:01,1890.592,COS,PSA,G160M,1577,12315,4/10/12 23:11,LBL201060,y
LBL201PRQ,V-TW-HYA,165.4660182,-34.7047683,2,4/10/11 8:58,4/10/11 9:04,328,COS,PSA,G285M,2676,12315,4/10/12 12:01,,y
LBL201PSQ,V-TW-HYA,165.4660182,-34.7047683,2,4/10/11 9:06,4/10/11 9:06,6,COS,PSA,G285M,2676,12315,4/10/12 12:01,,y
LBL202010,V-TW-HYA,165.466018,-34.7047682,2,4/11/11 13:53,4/11/11 14:02,519.008,COS,PSA,G285M,2676,12315,4/11/12 16:17,LBL202010,y
LBL202020,V-TW-HYA,165.466018,-34.7047682,2,4/11/11 14:07,4/11/11 14:37,1560,COS,PSA,G160M,1577,12315,4/11/12 19:12,LBL202020,y
LBL202NMQ,V-TW-HYA,165.466018,-34.7047682,2,4/11/11 13:44,4/11/11 13:49,328,COS,PSA,G285M,2676,12315,4/11/12 16:12,,y
LBL202NNQ,V-TW-HYA,165.466018,-34.7047682,2,4/11/11 13:52,4/11/11 13:52,6,COS,PSA,G285M,2676,12315,4/11/12 16:12,,y
LBL203010,V-TW-HYA,165.4660178,-34.7047681,2,4/13/11 10:32,4/13/11 10:40,519.008,COS,PSA,G285M,2676,12315,4/13/12 16:09,LBL203010,y
LBL203020,V-TW-HYA,165.4660178,-34.7047681,2,4/13/11 10:45,4/13/11 11:15,1560.096,COS,PSA,G160M,1577,12315,4/13/12 19:48,LBL203020,y
LBL203OPQ,V-TW-HYA,165.4660178,-34.7047681,2,4/13/11 10:22,4/13/11 10:27,328,COS,PSA,G285M,2676,12315,4/13/12 16:05,,y
LBL203OQQ,V-TW-HYA,165.4660178,-34.7047681,2,4/13/11 10:30,4/13/11 10:30,6,COS,PSA,G285M,2676,12315,4/13/12 16:05,,y
LBL204010,V-TW-HYA,165.4660175,-34.7047681,2,4/15/11 9:14,4/15/11 9:23,519.04,COS,PSA,G285M,2676,12315,4/15/12 13:01,LBL204010,y
LBL204020,V-TW-HYA,165.4660175,-34.7047681,2,4/15/11 9:28,4/15/11 10:43,1560.032,COS,PSA,G160M,1577,12315,4/15/12 14:45,LBL204020,y
LBL204ZRQ,V-TW-HYA,165.4660175,-34.7047681,2,4/15/11 9:05,4/15/11 9:10,328,COS,PSA,G285M,2676,12315,4/15/12 12:58,,y
LBL204ZSQ,V-TW-HYA,165.4660175,-34.7047681,2,4/15/11 9:13,4/15/11 9:13,6,COS,PSA,G285M,2676,12315,4/15/12 12:58,,y
LBL205010,V-TW-HYA,165.4660171,-34.7047679,2,4/18/11 9:19,4/18/11 9:28,519.008,COS,PSA,G285M,2676,12315,4/18/12 14:14,LBL205010,y
LBL205020,V-TW-HYA,165.4660171,-34.7047679,2,4/18/11 10:21,4/18/11 10:51,1560.096,COS,PSA,G160M,1577,12315,4/18/12 15:13,LBL205020,y
LBL205FSQ,V-TW-HYA,165.4660171,-34.7047679,2,4/18/11 9:09,4/18/11 9:15,328,COS,PSA,G285M,2676,12315,4/18/12 14:11,,y
LBL205FTQ,V-TW-HYA,165.4660171,-34.7047679,2,4/18/11 9:17,4/18/11 9:17,6,COS,PSA,G285M,2676,12315,4/18/12 14:11,,y
LBL206010,V-TW-HYA,165.4660161,-34.7047675,2,4/26/11 8:36,4/26/11 8:44,519.008,COS,PSA,G285M,2676,12315,4/26/12 21:40,LBL206010,y
LBL206020,V-TW-HYA,165.4660161,-34.7047675,2,4/26/11 8:49,4/26/11 10:13,1560,COS,PSA,G160M,1577,12315,4/26/12 22:36,LBL206020,y
LBL206KVQ,V-TW-HYA,165.4660161,-34.7047675,2,4/26/11 8:26,4/26/11 8:32,328,COS,PSA,G285M,2676,12315,4/26/12 21:36,,y
LBL206KWQ,V-TW-HYA,165.4660161,-34.7047675,2,4/26/11 8:34,4/26/11 8:34,6,COS,PSA,G285M,2676,12315,4/26/12 21:36,,y
LBL207010,V-TW-HYA,165.4660156,-34.7047673,2,4/30/11 6:55,4/30/11 7:03,519.04,COS,PSA,G285M,2676,12315,4/30/12 8:28,LBL207010,y
LBL207020,V-TW-HYA,165.4660156,-34.7047673,2,4/30/11 7:08,4/30/11 8:37,1560.064,COS,PSA,G160M,1577,12315,4/30/12 12:06,LBL207020,y
LBL207CIQ,V-TW-HYA,165.4660156,-34.7047673,2,4/30/11 6:45,4/30/11 6:51,328,COS,PSA,G285M,2676,12315,4/30/12 8:24,,y
LBL207CJQ,V-TW-HYA,165.4660156,-34.7047673,2,4/30/11 6:53,4/30/11 6:53,6,COS,PSA,G285M,2676,12315,4/30/12 8:24,,y
LBL208010,V-TW-HYA,165.466015,-34.7047671,2,5/6/11 3:29,5/6/11 3:38,519.008,COS,PSA,G285M,2676,12315,5/6/12 5:51,LBL208010,y
LBL208020,V-TW-HYA,165.466015,-34.704767,2,5/6/11 4:50,5/6/11 5:20,1560,COS,PSA,G160M,1577,12315,5/6/12 11:31,LBL208020,y
LBL208WWQ,V-TW-HYA,165.466015,-34.7047671,2,5/6/11 3:20,5/6/11 3:25,328,COS,PSA,G285M,2676,12315,5/6/12 5:47,,y
LBL208WXQ,V-TW-HYA,165.466015,-34.7047671,2,5/6/11 3:28,5/6/11 3:28,6,COS,PSA,G285M,2676,12315,5/6/12 5:47,,y
LDMP11010,V-V1152-SCO,240.356724,-22.677976,0,2/15/18 17:34,2/15/18 18:15,2310.272,COS,PSA,G130M,1222,15310,8/15/18 22:41,LDMP11010,BY Dra variable
LDMP03010,V-V1154-SCO,240.5434529,-22.6913597,0,2/15/18 16:00,2/15/18 16:39,2226.208,COS,PSA,G130M,1222,15310,8/15/18 20:01,LDMP03010,BY Dra variable
LDMP03XAQ,V-V1154-SCO,240.5434529,-22.6913597,0,2/15/18 15:48,2/15/18 15:54,360,COS,PSA,G230L,3360,15310,8/15/18 19:57,,BY Dra variable
LDMP03XBQ,V-V1154-SCO,240.5434529,-22.6913597,0,2/15/18 15:56,2/15/18 15:56,12.5,COS,PSA,G230L,3360,15310,8/15/18 19:57,,BY Dra variable
LDMP12010,V-V1156-SCO,241.198904,-19.5064741,0,2/17/18 15:40,2/17/18 16:21,2368.032,COS,PSA,G130M,1222,15310,8/17/18 19:58,LDMP12010,BY Dra variable
LDMP07010,V-V1157-SCO,242.8356838,-18.348745,0,2/17/18 14:10,2/17/18 14:46,2078.08,COS,PSA,G130M,1222,15310,8/17/18 15:39,LDMP07010,BY Dra variable
LDMP16010,V-V2505-OPH,247.4528603,-21.8700982,0,2/23/18 22:45,2/23/18 23:26,2338.112,COS,PSA,G130M,1222,15310,8/24/18 1:57,LDMP16010,BY Dra variable
LB6B06010,V-V836-TAU,75.7775823,25.3887722,25,2/5/11 5:06,2/5/11 5:31,1480.192,COS,PSA,G160M,1577,11616,2/5/12 13:31,LB6B06010,y
LB6B06020,V-V836-TAU,75.7775823,25.3887722,25,2/5/11 6:12,2/5/11 6:35,1391.136,COS,PSA,G160M,1600,11616,2/5/12 13:38,LB6B06020,y
LB6B06030,V-V836-TAU,75.7775823,25.3887722,25,2/5/11 6:38,2/5/11 7:02,1391.2,COS,PSA,G160M,1623,11616,2/5/12 13:45,LB6B06030,y
LB6B06040,V-V836-TAU,75.7775823,25.3887722,25,2/5/11 7:48,2/5/11 8:37,2852.384,COS,PSA,G130M,1327,11616,2/5/12 13:59,LB6B06040,y
LB6B06050,V-V836-TAU,75.7775823,25.3887722,25,2/5/11 9:24,2/5/11 10:13,2852.384,COS,PSA,G130M,1291,11616,2/5/12 14:09,LB6B06050,y
LB3Q01030,V4046SGR,273.5437241,-32.7928208,18,4/27/10 9:10,4/27/10 9:26,940.192,COS,PSA,G130M,1291,11533,4/27/11 13:08,LB3Q01030,Main sequence spectro binary
LB3Q01040,V4046SGR,273.5437241,-32.7928208,18,4/27/10 9:29,4/27/10 9:43,851.2,COS,PSA,G130M,1300,11533,4/27/11 13:08,LB3Q01040,Main sequence spectro binary
LB3Q01050,V4046SGR,273.5437241,-32.7928208,18,4/27/10 10:27,4/27/10 10:50,1280.16,COS,PSA,G130M,1309,11533,4/27/11 13:09,LB3Q01050,Main sequence spectro binary
LB3Q01060,V4046SGR,273.5437241,-32.7928208,18,4/27/10 10:53,4/27/10 11:17,1432.192,COS,PSA,G130M,1318,11533,4/27/11 13:19,LB3Q01060,Main sequence spectro binary
LB3Q01070,V4046SGR,273.5437241,-32.7928208,18,4/27/10 12:05,4/27/10 12:28,1420.192,COS,PSA,G160M,1589,11533,4/27/11 15:05,LB3Q01070,Main sequence spectro binary
LB3Q01080,V4046SGR,273.5437241,-32.7928208,18,4/27/10 12:32,4/27/10 12:55,1412.16,COS,PSA,G160M,1600,11533,4/27/11 15:05,LB3Q01080,Main sequence spectro binary
LB3Q01090,V4046SGR,273.5437241,-32.7928208,18,4/27/10 13:40,4/27/10 14:03,1415.168,COS,PSA,G160M,1611,11533,4/27/11 17:04,LB3Q01090,Main sequence spectro binary
LB3Q010A0,V4046SGR,273.5437241,-32.7928208,18,4/27/10 14:07,4/27/10 14:29,1333.216,COS,PSA,G160M,1623,11533,4/27/11 17:04,LB3Q010A0,Main sequence spectro binary
LC2H10010,VVSER,277.1994083,0.1444444,1,5/15/13 14:42,5/15/13 15:15,1599.84,COS,PSA,G160M,1577,12996,5/15/14 21:10,LC2H10010,B eclipsing binary
LC2H10020,VVSER,277.1994083,0.1444444,1,5/15/13 16:04,5/15/13 16:41,1856,COS,PSA,G130M,1291,12996,5/16/14 0:34,LC2H10020,B eclipsing binary
LC2H10030,VVSER,277.1994083,0.1444444,1,5/15/13 16:47,5/15/13 16:50,180,COS,PSA,G230L,2950,12996,5/16/14 0:25,LC2H10030,B eclipsing binary
LDMP14010,WA-OPH-1,242.7870528,-19.0798274,0,8/3/18 9:24,8/3/18 10:03,0,COS,PSA,G130M,1222,15310,2/3/19 14:38,,1222 only and failed
LD7GA2010,CD-33-10685,236.3035529,-34.2919083,2,7/26/17 15:20,7/26/17 17:38,5537.216,COS,PSA,G140L,1280,14604,7/27/18 1:18,LD7GA2010,y
LD7GA2020,CD-33-10685,236.3035529,-34.2919083,2,7/26/17 18:25,7/26/17 18:47,1210.336,COS,PSA,G130M,1291,14604,7/27/18 3:01,LD7GA2020,y
LD7GA2030,CD-33-10685,236.3035529,-34.2919083,2,7/26/17 18:51,7/26/17 19:14,1209.248,COS,PSA,G130M,1318,14604,7/27/18 3:01,LD7GA2030,y
LD7GA2040,CD-33-10685,236.3035529,-34.2919083,2,7/26/17 20:00,7/26/17 20:23,1266.208,COS,PSA,G160M,1577,14604,7/27/18 3:01,LD7GA2040,y
LD7GA2050,CD-33-10685,236.3035529,-34.2919083,2,7/26/17 20:26,7/26/17 20:49,1267.296,COS,PSA,G160M,1611,14604,7/27/18 3:01,LD7GA2050,y
LD7GA3010,TYC-7851-810-1,242.1278917,-38.4742417,2,7/29/17 16:30,7/29/17 18:49,5577.152,COS,PSA,G140L,1280,14604,7/30/18 2:43,LD7GA3010,do not include
LD7GA3020,TYC-7851-810-1,242.1278917,-38.4742417,2,7/29/17 19:35,7/29/17 19:58,1220.352,COS,PSA,G130M,1291,14604,7/30/18 2:42,LD7GA3020,do not include
LD7GA3030,TYC-7851-810-1,242.1278917,-38.4742417,2,7/29/17 20:01,7/29/17 20:24,1221.312,COS,PSA,G130M,1318,14604,7/30/18 2:42,LD7GA3030,do not include
LD7GA3040,TYC-7851-810-1,242.1278917,-38.4742417,2,7/29/17 21:10,7/29/17 21:33,1278.208,COS,PSA,G160M,1577,14604,7/30/18 2:42,LD7GA3040,do not include
LD7GA3050,TYC-7851-810-1,242.1278917,-38.4742417,2,7/29/17 21:36,7/29/17 22:00,1277.248,COS,PSA,G160M,1611,14604,7/30/18 2:42,LD7GA3050,do not include
LD7GA1010,V-MY-LUP,240.1854583,-41.9253806,2,9/8/17 3:23,9/8/17 5:42,5657.216,COS,PSA,G140L,1280,14604,9/8/18 12:26,LD7GA1010,y
LD7GA1020,V-MY-LUP,240.1854583,-41.9253806,2,9/8/17 6:33,9/8/17 6:56,1240.384,COS,PSA,G130M,1291,14604,9/8/18 12:26,LD7GA1020,y
LD7GA1030,V-MY-LUP,240.1854583,-41.9253806,2,9/8/17 7:00,9/8/17 7:23,1240.352,COS,PSA,G130M,1318,14604,9/8/18 12:26,LD7GA1030,y
LD7GA1040,V-MY-LUP,240.1854583,-41.9253806,2,9/8/17 8:13,9/8/17 8:36,1296.192,COS,PSA,G160M,1577,14604,9/8/18 12:26,LD7GA1040,y
LD7GA1050,V-MY-LUP,240.1854583,-41.9253806,2,9/8/17 8:39,9/8/17 10:01,1296.128,COS,PSA,G160M,1611,14604,9/8/18 12:26,LD7GA1050,y
LDKA01010,V-TW-HYA,165.4658444,-34.7048073,0,2019-03-22T15:49:00.027000,2019-03-22T16:27:50.027000,2082.624,COS   ,PSA,G160M,1577,15204,2019-07-10T00:00:00,LDKA01010,
LDKA02010,V-TW-HYA,165.4658444,-34.70480729,0,2019-03-22T22:01:08.027000,2019-03-22T22:39:58.027000,2082.624,COS   ,PSA,G160M,1577,15204,2019-07-10T00:00:00,LDKA02010,
LDKA03010,V-TW-HYA,165.4658444,-34.70480729,0,2019-03-23T02:47:27.037000,2019-03-23T03:26:17.037000,2082.592,COS   ,PSA,G160M,1577,15204,2019-07-10T00:00:00,LDKA03010,
LDKA04010,V-TW-HYA,165.4658443,-34.70480728,0,2019-03-23T06:06:20.027000,2019-03-23T06:45:10.027000,2082.592,COS   ,PSA,G160M,1577,15204,2019-07-10T00:00:00,LDKA04010,
LDKA05010,V-TW-HYA,165.4658443,-34.70480727,0,2019-03-23T12:28:05.020000,2019-03-23T13:06:55.020000,2082.592,COS   ,PSA,G160M,1577,15204,2019-07-10T00:00:00,LDKA05010,
LDKA06010,V-TW-HYA,165.4658443,-34.70480727,0,2019-03-23T17:17:00.027000,2019-03-23T17:55:50.027000,2082.592,COS   ,PSA,G160M,1577,15204,2019-07-10T00:00:00,LDKA06010,
LDKA07010,V-TW-HYA,165.4658442,-34.70480726,0,2019-03-23T22:00:44.027000,2019-03-23T22:39:34.027000,2082.592,COS   ,PSA,G160M,1577,15204,2019-07-10T00:00:00,LDKA07010,
LDKA51010,V-TW-HYA,165.4658349,-34.70480318,0,2019-07-06T01:25:44.027000,2019-07-06T02:04:34.027000,2082.592,COS   ,PSA,G160M,1577,15204,2020-01-06T04:11:44,LDKA51010,
LDKA52010,V-TW-HYA,165.4658349,-34.70480318,0,2019-07-06T06:12:54.043000,2019-07-06T06:51:44.013000,2082.592,COS   ,PSA,G160M,1577,15204,2020-01-06T10:54:05,LDKA52010,
LDKA53010,V-TW-HYA,165.4658349,-34.70480318,0,2019-07-06T09:31:50.010000,2019-07-06T10:10:40.010000,2082.592,COS   ,PSA,G160M,1577,15204,2020-01-06T11:31:43,LDKA53010,
LDKA54010,V-TW-HYA,165.4658349,-34.70480317,0,2019-07-06T15:44:14.043000,2019-07-06T16:23:04.013000,2082.56,COS   ,PSA,G160M,1577,15204,2020-01-06T17:59:23,LDKA54010,
LDKA55010,V-TW-HYA,165.4658349,-34.70480317,0,2019-07-06T22:05:49.020000,2019-07-06T22:44:39.020000,2082.592,COS   ,PSA,G160M,1577,15204,2020-01-07T04:01:27,LDKA55010,
LDKA56010,V-TW-HYA,165.4658349,-34.70480316,0,2019-07-07T02:52:02.010000,2019-07-07T03:30:52.043000,2082.592,COS   ,PSA,G160M,1577,15204,2020-01-07T05:45:02,LDKA56010,
LDKA57010,V-TW-HYA,165.4658349,-34.70480316,0,2019-07-07T07:41:47.037000,2019-07-07T08:20:37.037000,2082.592,COS   ,PSA,G160M,1577,15204,2020-01-07T11:21:58,LDKA57010,
LDK701010,V-T-CHA,179.3053269,-79.35880704,2,2018-02-22T04:44:30.357000,2018-02-22T05:05:20.357000,1250.208,COS   ,PSA,G130M,1291,15128,2018-08-22T13:39:39,LDK701010,
LDK701020,V-T-CHA,179.3053269,-79.35880704,2,2018-02-22T05:08:57.333000,2018-02-22T05:21:27.333000,749.952,COS   ,PSA,G160M,1577,15128,2018-08-22T13:39:17,LDK701020,
LDK701030,V-T-CHA,179.3053269,-79.35880704,2,2018-02-22T05:24:38.357000,2018-02-22T05:29:13.357000,274.88,COS   ,PSA,G160M,1600,15128,2018-08-22T13:39:22,LDK701030,
LDK701040,V-T-CHA,179.3053269,-79.35880704,2,2018-02-22T06:10:10.357000,2018-02-22T06:26:50.357000,1000.192,COS   ,PSA,G130M,1291,15128,2018-08-22T13:39:43,LDK701040,
LDK701050,V-T-CHA,179.3053269,-79.35880704,2,2018-02-22T06:30:37.333000,2018-02-22T06:42:17.333000,699.968,COS   ,PSA,G160M,1577,15128,2018-08-22T13:39:21,LDK701050,
LDK701060,V-T-CHA,179.3053269,-79.35880704,2,2018-02-22T06:45:28.340000,2018-02-22T06:51:23.340000,354.816,COS   ,PSA,G160M,1600,15128,2018-08-22T13:42:11,LDK701060,
LDK701070,V-T-CHA,179.3053269,-79.35880705,2,2018-02-22T06:55:45.367000,2018-02-22T08:02:02.357000,1550.208,COS   ,PSA,G130M,1291,15128,2018-08-22T13:44:05,LDK701070,
LDK701080,V-T-CHA,179.3053269,-79.35880705,2,2018-02-22T08:05:49.333000,2018-02-22T08:17:39.333000,710.112,COS   ,PSA,G160M,1577,15128,2018-08-22T13:42:03,LDK701080,
LDK701090,V-T-CHA,179.3053269,-79.35880705,2,2018-02-22T08:20:50.357000,2018-02-22T08:26:50.357000,359.84,COS   ,PSA,G160M,1600,15128,2018-08-22T13:41:42,LDK701090,
LDK7010A0,V-T-CHA,179.3053268,-79.35880705,2,2018-02-22T08:31:03.350000,2018-02-22T08:40:13.350000,549.92,COS   ,PSA,G130M,1291,15128,2018-08-22T13:41:47,LDK7010A0,
LDK7010B0,V-T-CHA,179.3053268,-79.35880705,2,2018-02-22T09:20:37.333000,2018-02-22T09:30:47.333000,609.984,COS   ,PSA,G160M,1577,15128,2018-08-22T13:42:09,LDK7010B0,
LDK7010C0,V-T-CHA,179.3053268,-79.35880705,2,2018-02-22T09:33:58.357000,2018-02-22T09:38:58.357000,300,COS   ,PSA,G160M,1600,15128,2018-08-22T13:42:06,LDK7010C0,
LDK7010D0,V-T-CHA,179.3053268,-79.35880705,2,2018-02-22T09:53:45.207000,2018-02-22T10:19:01.197000,1029.76,COS   ,PSA,G140L,1105,15128,2018-08-22T13:43:38,LDK7010D0,
LDK702010,V-T-CHA,179.3053254,-79.35880713,2,2018-02-26T02:21:28.340000,2018-02-26T02:42:18.340000,1250.208,COS   ,PSA,G130M,1291,15128,2018-08-26T04:50:52,LDK702010,
LDK702020,V-T-CHA,179.3053254,-79.35880713,2,2018-02-26T02:45:55.347000,2018-02-26T02:58:25.350000,749.952,COS   ,PSA,G160M,1577,15128,2018-08-26T04:50:25,LDK702020,
LDK702030,V-T-CHA,179.3053254,-79.35880713,2,2018-02-26T03:01:36.340000,2018-02-26T03:06:11.340000,274.912,COS   ,PSA,G160M,1600,15128,2018-08-26T04:50:31,LDK702030,
LDK702040,V-T-CHA,179.3053254,-79.35880713,2,2018-02-26T03:47:58.357000,2018-02-26T04:04:38.357000,1000.192,COS   ,PSA,G130M,1291,15128,2018-08-26T08:32:51,LDK702040,
LDK702050,V-T-CHA,179.3053254,-79.35880713,2,2018-02-26T04:08:25.363000,2018-02-26T04:20:05.367000,700.096,COS   ,PSA,G160M,1577,15128,2018-08-26T08:31:04,LDK702050,
LDK702060,V-T-CHA,179.3053254,-79.35880713,2,2018-02-26T04:23:16.340000,2018-02-26T04:29:11.340000,354.88,COS   ,PSA,G160M,1600,15128,2018-08-26T08:31:04,LDK702060,
LDK702070,V-T-CHA,179.3053254,-79.35880713,2,2018-02-26T04:33:33.333000,2018-02-26T05:39:48.340000,1550.112,COS   ,PSA,G130M,1291,15128,2018-08-26T10:54:50,LDK702070,
LDK702080,V-T-CHA,179.3053254,-79.35880713,2,2018-02-26T05:43:35.347000,2018-02-26T05:55:25.347000,710.112,COS   ,PSA,G160M,1577,15128,2018-08-26T10:52:58,LDK702080,
LDK702090,V-T-CHA,179.3053254,-79.35880713,2,2018-02-26T05:58:36.340000,2018-02-26T06:04:36.340000,359.904,COS   ,PSA,G160M,1600,15128,2018-08-26T10:52:41,LDK702090,
LDK7020A0,V-T-CHA,179.3053254,-79.35880713,2,2018-02-26T06:08:49.363000,2018-02-26T06:17:59.367000,549.984,COS   ,PSA,G130M,1291,15128,2018-08-26T10:52:50,LDK7020A0,
LDK7020B0,V-T-CHA,179.3053254,-79.35880713,2,2018-02-26T06:58:22.357000,2018-02-26T07:08:32.357000,610.08,COS   ,PSA,G160M,1577,15128,2018-08-26T10:52:58,LDK7020B0,
LDK7020C0,V-T-CHA,179.3053254,-79.35880713,2,2018-02-26T07:11:43.350000,2018-02-26T07:16:43.350000,300,COS   ,PSA,G160M,1600,15128,2018-08-26T10:53:05,LDK7020C0,
LDK7020D0,V-T-CHA,179.3053254,-79.35880713,2,2018-02-26T07:31:30.197000,2018-02-26T07:56:46.220000,1029.76,COS   ,PSA,G140L,1105,15128,2018-08-26T14:54:14,LDK7020D0,
LDK703010,V-T-CHA,179.305324,-79.3588072,2,2018-03-02T00:06:22.323000,2018-03-02T00:27:12.327000,1250.208,COS   ,PSA,G130M,1291,15128,2018-09-02T02:39:06,LDK703010,
LDK703020,V-T-CHA,179.305324,-79.35880721,2,2018-03-02T00:30:49.397000,2018-03-02T00:43:19.397000,750.144,COS   ,PSA,G160M,1577,15128,2018-09-02T02:38:39,LDK703020,
LDK703030,V-T-CHA,179.305324,-79.35880721,2,2018-03-02T00:46:30.357000,2018-03-02T00:51:05.357000,274.88,COS   ,PSA,G160M,1600,15128,2018-09-02T02:38:44,LDK703030,
LDK703040,V-T-CHA,179.3053239,-79.35880721,2,2018-03-02T01:23:56.340000,2018-03-02T01:40:36.340000,1000.192,COS   ,PSA,G130M,1291,15128,2018-09-02T03:38:36,LDK703040,
LDK703050,V-T-CHA,179.3053239,-79.35880721,2,2018-03-02T01:44:23.413000,2018-03-02T01:56:03.413000,700.064,COS   ,PSA,G160M,1577,15128,2018-09-02T03:38:25,LDK703050,
LDK703060,V-T-CHA,179.3053239,-79.35880721,2,2018-03-02T01:59:14.323000,2018-03-02T02:05:09.327000,354.88,COS   ,PSA,G160M,1600,15128,2018-09-02T03:58:47,LDK703060,
LDK703070,V-T-CHA,179.3053239,-79.35880721,2,2018-03-02T02:09:31.413000,2018-03-02T03:15:45.430000,1550.144,COS   ,PSA,G130M,1291,15128,2018-09-02T05:41:54,LDK703070,
LDK703080,V-T-CHA,179.3053239,-79.35880721,2,2018-03-02T03:19:32.340000,2018-03-02T03:31:22.340000,710.112,COS   ,PSA,G160M,1577,15128,2018-09-02T05:39:38,LDK703080,
LDK703090,V-T-CHA,179.3053239,-79.35880721,2,2018-03-02T03:34:33.430000,2018-03-02T03:40:33.427000,359.936,COS   ,PSA,G160M,1600,15128,2018-09-02T05:39:26,LDK703090,
LDK7030A0,V-T-CHA,179.3053239,-79.35880721,2,2018-03-02T03:44:46.357000,2018-03-02T03:53:56.357000,550.016,COS   ,PSA,G130M,1291,15128,2018-09-02T05:39:35,LDK7030A0,
LDK7030B0,V-T-CHA,179.3053239,-79.35880721,2,2018-03-02T04:34:17.460000,2018-03-02T04:44:27.460000,610.08,COS   ,PSA,G160M,1577,15128,2018-09-02T09:22:19,LDK7030B0,
LDK7030C0,V-T-CHA,179.3053239,-79.35880721,2,2018-03-02T04:47:38.357000,2018-03-02T04:52:38.357000,299.904,COS   ,PSA,G160M,1600,15128,2018-09-02T09:22:34,LDK7030C0,
LDK7030D0,V-T-CHA,179.3053239,-79.35880721,2,2018-03-02T05:07:25.300000,2018-03-02T05:32:41.197000,1029.792,COS   ,PSA,G140L,1105,15128,2018-09-02T09:24:16,LDK7030D0,
LB9901010,HD135344B,228.9517569,-37.15452644,7,2010-03-14T07:13:56.797000,2010-03-14T07:32:01.797000,1085.184,COS   ,PSA,G160M,1577,11828,2011-03-14T13:04:37.810000,,
LB9901020,HD135344B,228.9517569,-37.15452644,7,2010-03-14T07:35:09.787000,2010-03-14T07:53:14.787000,1085.184,COS   ,PSA,G160M,1589,11828,2011-03-14T13:04:48.863000,,
LB9901030,HD135344B,228.9517569,-37.15452644,7,2010-03-14T08:32:23.803000,2010-03-14T08:47:13.803000,890.208,COS   ,PSA,G160M,1600,11828,2011-03-14T14:58:59.117000,,
LB9901040,HD135344B,228.9517569,-37.15452644,7,2010-03-14T08:50:21.787000,2010-03-14T09:05:11.787000,890.176,COS   ,PSA,G160M,1611,11828,2011-03-14T15:00:03.300000,,
LB9901050,HD135344B,228.9517569,-37.15452644,7,2010-03-14T09:08:19.803000,2010-03-14T09:23:04.803000,885.152,COS   ,PSA,G160M,1623,11828,2011-03-14T15:09:41.873000,,
LB9901060,HD135344B,228.9517569,-37.15452644,7,2010-03-14T10:08:22.813000,2010-03-14T10:23:12.813000,890.208,COS   ,PSA,G130M,1309,11828,2011-03-14T15:10:15.750000,,
LB9901070,HD135344B,228.9517569,-37.15452644,7,2010-03-14T10:26:20.797000,2010-03-14T10:41:10.797000,890.208,COS   ,PSA,G130M,1318,11828,2011-03-14T15:11:21.383000,,
LB9901080,HD135344B,228.9517569,-37.15452644,7,2010-03-14T10:44:18.813000,2010-03-14T10:59:03.813000,885.184,COS   ,PSA,G130M,1327,11828,2011-03-14T15:19:15.023000,,